USE [master]
GO
/****** Object:  Database [DPUDTA]    Script Date: 6/14/2018 5:15:39 PM ******/
IF  EXISTS (SELECT name FROM sys.databases WHERE name = N'DPUDTA')
DROP DATABASE [DPUDTA]
GO
/****** Object:  Database [DPUDTA]    Script Date: 6/14/2018 5:15:39 PM ******/
IF NOT EXISTS (SELECT name FROM sys.databases WHERE name = N'DPUDTA')
BEGIN
CREATE DATABASE [DPUDTA] ON  PRIMARY 
( NAME = N'DPUDTA', FILENAME = N'D:\bankith database\rento\DPUDTA.mdf' , SIZE = 6144KB , MAXSIZE = UNLIMITED, FILEGROWTH = 1024KB ), 
 FILEGROUP [LOG] 
( NAME = N'DPUDTA_TBLOG', FILENAME = N'D:\bankith database\rento\DPUDTA_TBLOG.ndf' , SIZE = 3072KB , MAXSIZE = UNLIMITED, FILEGROWTH = 1024KB )
 LOG ON 
( NAME = N'DPUDTA_log', FILENAME = N'D:\bankith database\rento\DPUDTA_log.ldf' , SIZE = 1024KB , MAXSIZE = 2048GB , FILEGROWTH = 10%)
END

GO
ALTER DATABASE [DPUDTA] SET COMPATIBILITY_LEVEL = 100
GO
IF (1 = FULLTEXTSERVICEPROPERTY('IsFullTextInstalled'))
begin
EXEC [DPUDTA].[dbo].[sp_fulltext_database] @action = 'enable'
end
GO
ALTER DATABASE [DPUDTA] SET ANSI_NULL_DEFAULT OFF 
GO
ALTER DATABASE [DPUDTA] SET ANSI_NULLS OFF 
GO
ALTER DATABASE [DPUDTA] SET ANSI_PADDING OFF 
GO
ALTER DATABASE [DPUDTA] SET ANSI_WARNINGS OFF 
GO
ALTER DATABASE [DPUDTA] SET ARITHABORT OFF 
GO
ALTER DATABASE [DPUDTA] SET AUTO_CLOSE ON 
GO
ALTER DATABASE [DPUDTA] SET AUTO_SHRINK OFF 
GO
ALTER DATABASE [DPUDTA] SET AUTO_UPDATE_STATISTICS ON 
GO
ALTER DATABASE [DPUDTA] SET CURSOR_CLOSE_ON_COMMIT OFF 
GO
ALTER DATABASE [DPUDTA] SET CURSOR_DEFAULT  GLOBAL 
GO
ALTER DATABASE [DPUDTA] SET CONCAT_NULL_YIELDS_NULL OFF 
GO
ALTER DATABASE [DPUDTA] SET NUMERIC_ROUNDABORT OFF 
GO
ALTER DATABASE [DPUDTA] SET QUOTED_IDENTIFIER OFF 
GO
ALTER DATABASE [DPUDTA] SET RECURSIVE_TRIGGERS OFF 
GO
ALTER DATABASE [DPUDTA] SET  DISABLE_BROKER 
GO
ALTER DATABASE [DPUDTA] SET AUTO_UPDATE_STATISTICS_ASYNC OFF 
GO
-- ALTER DATABASE [DPUDTA] SET DATE_CORRELATION_OPTIMIZATION OFF 
-- GO
ALTER DATABASE [DPUDTA] SET TRUSTWORTHY OFF 
GO
ALTER DATABASE [DPUDTA] SET ALLOW_SNAPSHOT_ISOLATION OFF 
GO
ALTER DATABASE [DPUDTA] SET PARAMETERIZATION SIMPLE 
GO
ALTER DATABASE [DPUDTA] SET READ_COMMITTED_SNAPSHOT OFF 
GO
ALTER DATABASE [DPUDTA] SET HONOR_BROKER_PRIORITY OFF 
GO
ALTER DATABASE [DPUDTA] SET RECOVERY FULL 
GO
ALTER DATABASE [DPUDTA] SET  MULTI_USER 
GO
ALTER DATABASE [DPUDTA] SET PAGE_VERIFY CHECKSUM  
GO
ALTER DATABASE [DPUDTA] SET DB_CHAINING OFF 
GO
USE [DPUDTA]
GO
/****** Object:  Table [dbo].[DPU_LOG_PICKUP_PROCESS]    Script Date: 6/14/2018 5:15:39 PM ******/
SET ANSI_NULLS ON
GO
SET QUOTED_IDENTIFIER ON
GO
SET ANSI_PADDING ON
GO
IF NOT EXISTS (SELECT * FROM sys.objects WHERE object_id = OBJECT_ID(N'[dbo].[DPU_LOG_PICKUP_PROCESS]') AND type in (N'U'))
BEGIN
CREATE TABLE [dbo].[DPU_LOG_PICKUP_PROCESS](
	[PICKUP_PROCESS_ID] [int] NOT NULL,
	[BOOKING_REF_NO] [nvarchar](20) NULL,
	[USERNAME] [nvarchar](320) NULL,
	[CHECK_CITIZEN_ID_STATUS] [bit] NULL,
	[CHECK_LICENSE_NO_STATUS] [bit] NULL,
	[CHECK_CAR_FRONT_STATUS] [bit] NULL,
	[CHECK_CAR_REAR_STATUS] [bit] NULL,
	[CHECK_CAR_LEFT_STATUS] [bit] NULL,
	[CHECK_CAR_RIGHT_STATUS] [bit] NULL,
	[CHECK_TIRE_FRONT_LEFT_STATUS] [bit] NULL,
	[CHECK_TIRE_FRONT_RIGHT_STATUS] [bit] NULL,
	[CHECK_TIRE_REAR_LEFT_STATUS] [bit] NULL,
	[CHECK_TIRE_REAR_RIGHT_STATUS] [bit] NULL,
	[CHECK_MILEAGE_STATUS] [bit] NULL,
	[CHECK_BATTERY_STATUS] [bit] NULL,
	[CREATED_DATE] [datetime] NULL,
 CONSTRAINT [PK_DPU_LOG_PICKUP_PROCESS] PRIMARY KEY CLUSTERED 
(
	[PICKUP_PROCESS_ID] ASC
)WITH (PAD_INDEX = OFF, STATISTICS_NORECOMPUTE = OFF, IGNORE_DUP_KEY = OFF, ALLOW_ROW_LOCKS = ON, ALLOW_PAGE_LOCKS = ON) ON [PRIMARY]
) ON [PRIMARY]
END
GO
SET ANSI_PADDING OFF
GO
/****** Object:  Table [dbo].[DPU_MST_CAR]    Script Date: 6/14/2018 5:15:39 PM ******/
SET ANSI_NULLS ON
GO
SET QUOTED_IDENTIFIER ON
GO
SET ANSI_PADDING ON
GO
IF NOT EXISTS (SELECT * FROM sys.objects WHERE object_id = OBJECT_ID(N'[dbo].[DPU_MST_CAR]') AND type in (N'U'))
BEGIN
CREATE TABLE [dbo].[DPU_MST_CAR](
	[CAR_ID] [int] NOT NULL,
	[LICENSE_NO] [nvarchar](10) NULL,
	[LICENSE_PROVINCE] [nvarchar](50) NULL,
	[SIPP_CODE] [nvarchar](10) NULL,
	[CAR_CATEGORIES_NAME] [nvarchar](30) NULL,
	[CAR_MAKE_ID] [int] NULL,
	[CAR_MODEL_ID] [int] NULL,
	[CAR_COLOR] [nvarchar](10) NULL,
	[REGISTER_YEAR] [nvarchar](4) NULL,
	[MANUFACTURE_YEAR] [nvarchar](4) NULL,
	[ENGINE_SIZE] [nvarchar](5) NULL,
	[TRANSMISSION] [nvarchar](20) NULL,
	[FUEL_TYPE] [nvarchar](30) NULL,
	[FUEL_LEVEL] [int] NULL,
	[MILEAGE] [nvarchar](10) NULL,
	[NO_OF_DOORS] [int] NULL,
	[NO_OF_SEAT] [int] NULL,
	[NO_OF_SMALL_BAG] [int] NULL,
	[NO_OF_LARGE_BAG] [int] NULL,
	[TIRE_DESCRIPTION] [nvarchar](500) NULL,
	[BATTERY_MAKE] [nvarchar](20) NULL,
	[BATTERY_MODEL] [nvarchar](20) NULL,
	[BATTERY_START_DATE] [date] NULL,
	[RENTAL_PRICE] [decimal](10, 2) NULL,
	[AIR_CONDITION] [bit] NULL,
	[CD_PLAYER] [bit] NULL,
	[RADIO] [bit] NULL,
	[AUX] [bit] NULL,
	[USB] [bit] NULL,
	[TAX_EXPIRY_DATE] [date] NULL,
	[CAR_STATUS] [int] NULL,
	[LOCATION_ID] [int] NULL,
	[CREATED_DATE] [datetime] NULL,
 CONSTRAINT [PK_DPU_MST_CAR] PRIMARY KEY CLUSTERED 
(
	[CAR_ID] ASC
)WITH (PAD_INDEX = OFF, STATISTICS_NORECOMPUTE = OFF, IGNORE_DUP_KEY = OFF, ALLOW_ROW_LOCKS = ON, ALLOW_PAGE_LOCKS = ON) ON [PRIMARY]
) ON [PRIMARY]
END
GO
SET ANSI_PADDING OFF
GO
/****** Object:  Table [dbo].[DPU_MST_CAR_COLOR]    Script Date: 6/14/2018 5:15:39 PM ******/
SET ANSI_NULLS ON
GO
SET QUOTED_IDENTIFIER ON
GO
SET ANSI_PADDING ON
GO
IF NOT EXISTS (SELECT * FROM sys.objects WHERE object_id = OBJECT_ID(N'[dbo].[DPU_MST_CAR_COLOR]') AND type in (N'U'))
BEGIN
CREATE TABLE [dbo].[DPU_MST_CAR_COLOR](
	[CAR_COLOR_ID] [int] NOT NULL,
	[CAR_COLOR_NAME] [nvarchar](10) NULL,
	[ACTIVE_STATUS] [bit] NULL,
	[CREATED_DATE] [datetime] NULL,
	[CREATED_BY] [nvarchar](50) NULL,
	[UPDATED_DATE] [datetime] NULL,
	[UPDATED_BY] [nvarchar](50) NULL,
 CONSTRAINT [PK_DPU_MST_CAR_COLOR] PRIMARY KEY CLUSTERED 
(
	[CAR_COLOR_ID] ASC
)WITH (PAD_INDEX = OFF, STATISTICS_NORECOMPUTE = OFF, IGNORE_DUP_KEY = OFF, ALLOW_ROW_LOCKS = ON, ALLOW_PAGE_LOCKS = ON) ON [PRIMARY]
) ON [PRIMARY]
END
GO
SET ANSI_PADDING OFF
GO
/****** Object:  Table [dbo].[DPU_MST_CAR_IMAGE]    Script Date: 6/14/2018 5:15:39 PM ******/
SET ANSI_NULLS ON
GO
SET QUOTED_IDENTIFIER ON
GO
SET ANSI_PADDING ON
GO
IF NOT EXISTS (SELECT * FROM sys.objects WHERE object_id = OBJECT_ID(N'[dbo].[DPU_MST_CAR_IMAGE]') AND type in (N'U'))
BEGIN
CREATE TABLE [dbo].[DPU_MST_CAR_IMAGE](
	[CAR_IMAGE_ID] [int] NOT NULL,
	[CAR_IMAGE_TYPE] [nvarchar](30) NULL,
	[CAR_IMAGE_PATH] [nvarchar](200) NULL,
	[CAR_ID] [int] NULL,
	[DISPLAY_STATUS] [bit] NULL,
	[SORT_ORDER] [int] NULL,
	[CREATED_DATE] [datetime] NULL,
	[CREATED_BY] [nvarchar](30) NULL,
	[UPDATED_DATE] [datetime] NULL,
	[UPDATED_BY] [nvarchar](30) NULL,
 CONSTRAINT [PK_DPU_MST_CAR_IMAGE] PRIMARY KEY CLUSTERED 
(
	[CAR_IMAGE_ID] ASC
)WITH (PAD_INDEX = OFF, STATISTICS_NORECOMPUTE = OFF, IGNORE_DUP_KEY = OFF, ALLOW_ROW_LOCKS = ON, ALLOW_PAGE_LOCKS = ON) ON [PRIMARY]
) ON [PRIMARY]
END
GO
SET ANSI_PADDING OFF
GO
/****** Object:  Table [dbo].[DPU_MST_CAR_MAKE]    Script Date: 6/14/2018 5:15:39 PM ******/
SET ANSI_NULLS ON
GO
SET QUOTED_IDENTIFIER ON
GO
SET ANSI_PADDING ON
GO
IF NOT EXISTS (SELECT * FROM sys.objects WHERE object_id = OBJECT_ID(N'[dbo].[DPU_MST_CAR_MAKE]') AND type in (N'U'))
BEGIN
CREATE TABLE [dbo].[DPU_MST_CAR_MAKE](
	[CAR_MAKE_ID] [int] NOT NULL,
	[CAR_MAKE] [nvarchar](30) NULL,
	[CAR_MAKE_LOGO_PATH] [nvarchar](255) NULL,
	[ACTIVE_STATUS] [bit] NULL,
	[CREATED_DATE] [datetime] NULL,
	[CREATED_BY] [nvarchar](50) NULL,
	[UPDATED_DATE] [datetime] NULL,
	[UPDATED_BY] [nvarchar](50) NULL,
 CONSTRAINT [PK_DPU_MST_CAR_MAKE] PRIMARY KEY CLUSTERED 
(
	[CAR_MAKE_ID] ASC
)WITH (PAD_INDEX = OFF, STATISTICS_NORECOMPUTE = OFF, IGNORE_DUP_KEY = OFF, ALLOW_ROW_LOCKS = ON, ALLOW_PAGE_LOCKS = ON) ON [PRIMARY]
) ON [PRIMARY]
END
GO
SET ANSI_PADDING OFF
GO
/****** Object:  Table [dbo].[DPU_MST_CAR_MODEL]    Script Date: 6/14/2018 5:15:39 PM ******/
SET ANSI_NULLS ON
GO
SET QUOTED_IDENTIFIER ON
GO
SET ANSI_PADDING ON
GO
IF NOT EXISTS (SELECT * FROM sys.objects WHERE object_id = OBJECT_ID(N'[dbo].[DPU_MST_CAR_MODEL]') AND type in (N'U'))
BEGIN
CREATE TABLE [dbo].[DPU_MST_CAR_MODEL](
	[CAR_MODEL_ID] [int] NOT NULL,
	[CAR_MODEL_NAME] [nvarchar](30) NULL,
	[CAR_MODEL_IMG_PATH] [nvarchar](255) NULL,
	[CAR_MODEL_VIDEO_PATH] [nvarchar](255) NULL,
	[CAR_MAKE_ID] [int] NULL,
	[ACTIVE_STATUS] [bit] NULL,
	[CREATED_DATE] [datetime] NULL,
	[CREATED_BY] [nvarchar](50) NULL,
	[UPDATED_DATE] [datetime] NULL,
	[UPDATED_BY] [nvarchar](50) NULL,
 CONSTRAINT [PK_DPU_MST_CAR_MODEL] PRIMARY KEY CLUSTERED 
(
	[CAR_MODEL_ID] ASC
)WITH (PAD_INDEX = OFF, STATISTICS_NORECOMPUTE = OFF, IGNORE_DUP_KEY = OFF, ALLOW_ROW_LOCKS = ON, ALLOW_PAGE_LOCKS = ON) ON [PRIMARY]
) ON [PRIMARY]
END
GO
SET ANSI_PADDING OFF
GO
/****** Object:  Table [dbo].[DPU_MST_CAR_MODEL_COLOR]    Script Date: 6/14/2018 5:15:39 PM ******/
SET ANSI_NULLS ON
GO
SET QUOTED_IDENTIFIER ON
GO
SET ANSI_PADDING ON
GO
IF NOT EXISTS (SELECT * FROM sys.objects WHERE object_id = OBJECT_ID(N'[dbo].[DPU_MST_CAR_MODEL_COLOR]') AND type in (N'U'))
BEGIN
CREATE TABLE [dbo].[DPU_MST_CAR_MODEL_COLOR](
	[CAR_MODEL_ID] [int] NOT NULL,
	[CAR_COLOR_ID] [int] NOT NULL,
	[ACTIVE_STATUS] [bit] NULL,
	[CREATED_DATE] [datetime] NULL,
	[CREATED_BY] [nvarchar](50) NULL,
	[UPDATED_DATE] [datetime] NULL,
	[UPDATED_BY] [nvarchar](50) NULL,
 CONSTRAINT [PK_DPU_MST_CAR_MODEL_COLOR_1] PRIMARY KEY CLUSTERED 
(
	[CAR_MODEL_ID] ASC,
	[CAR_COLOR_ID] ASC
)WITH (PAD_INDEX = OFF, STATISTICS_NORECOMPUTE = OFF, IGNORE_DUP_KEY = OFF, ALLOW_ROW_LOCKS = ON, ALLOW_PAGE_LOCKS = ON) ON [PRIMARY]
) ON [PRIMARY]
END
GO
SET ANSI_PADDING OFF
GO
/****** Object:  Table [dbo].[DPU_MST_INSURANCE_PLAN]    Script Date: 6/14/2018 5:15:39 PM ******/
SET ANSI_NULLS ON
GO
SET QUOTED_IDENTIFIER ON
GO
SET ANSI_PADDING ON
GO
IF NOT EXISTS (SELECT * FROM sys.objects WHERE object_id = OBJECT_ID(N'[dbo].[DPU_MST_INSURANCE_PLAN]') AND type in (N'U'))
BEGIN
CREATE TABLE [dbo].[DPU_MST_INSURANCE_PLAN](
	[PLAN_ID] [int] NOT NULL,
	[PLAN_NAME] [nvarchar](20) NULL,
	[PLAN_DESCRIPTION] [nvarchar](30) NULL,
	[PLAN_PRICE] [decimal](10, 2) NULL,
	[SORT_ORDER] [int] NULL,
 CONSTRAINT [PK_DPU_MST_INSURANCE_PLAN] PRIMARY KEY CLUSTERED 
(
	[PLAN_ID] ASC
)WITH (PAD_INDEX = OFF, STATISTICS_NORECOMPUTE = OFF, IGNORE_DUP_KEY = OFF, ALLOW_ROW_LOCKS = ON, ALLOW_PAGE_LOCKS = ON) ON [PRIMARY]
) ON [PRIMARY]
END
GO
SET ANSI_PADDING OFF
GO
/****** Object:  Table [dbo].[DPU_MST_LOCATION]    Script Date: 6/14/2018 5:15:39 PM ******/
SET ANSI_NULLS ON
GO
SET QUOTED_IDENTIFIER ON
GO
SET ANSI_PADDING ON
GO
IF NOT EXISTS (SELECT * FROM sys.objects WHERE object_id = OBJECT_ID(N'[dbo].[DPU_MST_LOCATION]') AND type in (N'U'))
BEGIN
CREATE TABLE [dbo].[DPU_MST_LOCATION](
	[LOCATION_ID] [int] NOT NULL,
	[LOCATION_NAME] [nvarchar](200) NULL,
	[LOCATION_BRANCH_NAME] [nvarchar](100) NULL,
	[LOCATION_ADDRESS] [nvarchar](500) NULL,
	[LATITUDE] [nvarchar](30) NULL,
	[LONGITUDE] [nvarchar](30) NULL,
	[LOCATION_IMG_PATH] [nvarchar](200) NULL,
 CONSTRAINT [PK_DPU_MST_PARTNER_LOCATION] PRIMARY KEY CLUSTERED 
(
	[LOCATION_ID] ASC
)WITH (PAD_INDEX = OFF, STATISTICS_NORECOMPUTE = OFF, IGNORE_DUP_KEY = OFF, ALLOW_ROW_LOCKS = ON, ALLOW_PAGE_LOCKS = ON) ON [PRIMARY]
) ON [PRIMARY]
END
GO
SET ANSI_PADDING OFF
GO
/****** Object:  Table [dbo].[DPU_MST_LOV]    Script Date: 6/14/2018 5:15:39 PM ******/
SET ANSI_NULLS ON
GO
SET QUOTED_IDENTIFIER ON
GO
SET ANSI_PADDING ON
GO
IF NOT EXISTS (SELECT * FROM sys.objects WHERE object_id = OBJECT_ID(N'[dbo].[DPU_MST_LOV]') AND type in (N'U'))
BEGIN
CREATE TABLE [dbo].[DPU_MST_LOV](
	[LOV_TYPE] [nvarchar](70) NOT NULL,
	[LOV_ID] [nvarchar](50) NOT NULL,
	[LOV_ORDER] [int] NULL,
	[LOV_NAME_EN] [nvarchar](200) NULL,
	[LOV_NAME_TH] [nvarchar](200) NULL,
	[LOV_DESCRIPTION] [nvarchar](255) NULL,
	[ACTIVE_STATUS] [int] NULL,
	[UPDATED_DATE] [datetime] NULL,
	[UPDATED_BY] [nvarchar](50) NULL,
 CONSTRAINT [PK_DPU_MST_LOV_1] PRIMARY KEY CLUSTERED 
(
	[LOV_TYPE] ASC,
	[LOV_ID] ASC
)WITH (PAD_INDEX = OFF, STATISTICS_NORECOMPUTE = OFF, IGNORE_DUP_KEY = OFF, ALLOW_ROW_LOCKS = ON, ALLOW_PAGE_LOCKS = ON) ON [PRIMARY]
) ON [PRIMARY]
END
GO
SET ANSI_PADDING OFF
GO
/****** Object:  Table [dbo].[DPU_MST_MEMBER]    Script Date: 6/14/2018 5:15:39 PM ******/
SET ANSI_NULLS ON
GO
SET QUOTED_IDENTIFIER ON
GO
SET ANSI_PADDING ON
GO
IF NOT EXISTS (SELECT * FROM sys.objects WHERE object_id = OBJECT_ID(N'[dbo].[DPU_MST_MEMBER]') AND type in (N'U'))
BEGIN
CREATE TABLE [dbo].[DPU_MST_MEMBER](
	[MEMBER_ID] [int] NOT NULL,
	[USERNAME] [nvarchar](320) NULL,
	[TITLE_NAME] [nvarchar](20) NULL,
	[FIRST_NAME] [nvarchar](50) NULL,
	[LAST_NAME] [nvarchar](50) NULL,
	[CITIZEN_ID] [nvarchar](20) NULL,
	[MOBILE_NO] [nvarchar](15) NULL,
	[DATE_OF_BIRTH] [datetime] NULL,
	[EMAIL] [nvarchar](320) NULL,
	[CITIZEN_ID_IMG_PATH] [nvarchar](200) NULL,
	[LICENSE_NO_IMG_PATH] [nvarchar](200) NULL,
	[UPLOAD_CITIZEN_IMG_DATE] [datetime] NULL,
	[UPLOAD_LICENSE_IMG_DATE] [datetime] NULL,
	[USER_STATUS] [int] NULL,
	[KYC_STATUS] [bit] NULL,
	[REGISTER_DATE] [datetime] NULL,
	[KYC_DATE] [datetime] NULL,
	[LAST_LOGIN_DATE] [datetime] NULL,
 CONSTRAINT [PK_DPU_MST_MEMBER] PRIMARY KEY CLUSTERED 
(
	[MEMBER_ID] ASC
)WITH (PAD_INDEX = OFF, STATISTICS_NORECOMPUTE = OFF, IGNORE_DUP_KEY = OFF, ALLOW_ROW_LOCKS = ON, ALLOW_PAGE_LOCKS = ON) ON [PRIMARY]
) ON [PRIMARY]
END
GO
SET ANSI_PADDING OFF
GO
/****** Object:  Table [dbo].[DPU_MST_OPERATION_HOURS]    Script Date: 6/14/2018 5:15:39 PM ******/
SET ANSI_NULLS ON
GO
SET QUOTED_IDENTIFIER ON
GO
SET ANSI_PADDING ON
GO
IF NOT EXISTS (SELECT * FROM sys.objects WHERE object_id = OBJECT_ID(N'[dbo].[DPU_MST_OPERATION_HOURS]') AND type in (N'U'))
BEGIN
CREATE TABLE [dbo].[DPU_MST_OPERATION_HOURS](
	[OPERATION_ID] [int] NOT NULL,
	[DAY] [nvarchar](20) NULL,
	[OPEN_TIME] [nvarchar](10) NULL,
	[CLOSE_TIME] [nvarchar](10) NULL,
	[ALLDAY_FLAG] [bit] NULL,
	[EVERYDAY_FLAG] [bit] NULL,
	[LOCATION_ID] [int] NULL,
 CONSTRAINT [PK_DPU_MST_OPERATION_HOURS] PRIMARY KEY CLUSTERED 
(
	[OPERATION_ID] ASC
)WITH (PAD_INDEX = OFF, STATISTICS_NORECOMPUTE = OFF, IGNORE_DUP_KEY = OFF, ALLOW_ROW_LOCKS = ON, ALLOW_PAGE_LOCKS = ON) ON [PRIMARY]
) ON [PRIMARY]
END
GO
SET ANSI_PADDING OFF
GO
/****** Object:  Table [dbo].[DPU_TRN_BOOKING]    Script Date: 6/14/2018 5:15:39 PM ******/
SET ANSI_NULLS ON
GO
SET QUOTED_IDENTIFIER ON
GO
SET ANSI_PADDING ON
GO
IF NOT EXISTS (SELECT * FROM sys.objects WHERE object_id = OBJECT_ID(N'[dbo].[DPU_TRN_BOOKING]') AND type in (N'U'))
BEGIN
CREATE TABLE [dbo].[DPU_TRN_BOOKING](
	[BOOKING_ID] [int] NOT NULL,
	[BOOKING_REF_NO] [nvarchar](20) NULL,
	[USERNAME] [nvarchar](320) NULL,
	[PICKUP_DATE] [datetime] NULL,
	[RETURN_DATE] [datetime] NULL,
	[PICKUP_LOCATION_ID] [int] NULL,
	[PICKUP_LOCATION_NAME] [nvarchar](100) NULL,
	[RETURN_LOCATION_ID] [int] NULL,
	[RETURN_LOCATION_NAME] [nvarchar](100) NULL,
	[BOOKING_DURATION] [int] NULL,
	[RENTAL_PRICE] [decimal](18, 2) NULL,
	[INSURANCE_PLAN_NAME] [nvarchar](30) NULL,
	[INSURANCE_PRICE] [decimal](10, 2) NULL,
	[VAT] [decimal](10, 2) NULL,
	[VAT_PERCENT] [decimal](5, 2) NULL,
	[TOTAL_PRICE] [decimal](18, 2) NULL,
	[CAR_ID] [int] NULL,
	[CAR_LICENSE_NO] [nvarchar](10) NULL,
	[CAR_LICENSE_PROVINCE] [nvarchar](50) NULL,
	[CAR_CATEGORIES_NAME] [nvarchar](30) NULL,
	[CAR_YEAR] [nvarchar](4) NULL,
	[CAR_MAKE] [nvarchar](30) NULL,
	[CAR_MODEL] [nvarchar](30) NULL,
	[SIPP_CODE] [nvarchar](10) NULL,
	[CAR_COLOR] [nvarchar](10) NULL,
	[TITLE_NAME] [nvarchar](20) NULL,
	[FIRST_NAME] [nvarchar](50) NULL,
	[LAST_NAME] [nvarchar](50) NULL,
	[CITIZEN_ID] [nvarchar](20) NULL,
	[MOBILE_NO] [nvarchar](15) NULL,
	[EMAIL] [nvarchar](320) NULL,
	[LICENSE_NO] [nvarchar](20) NULL,
	[DATE_OF_BIRTH] [datetime] NULL,
	[DRIVER_LICENSE_EXPIRE_DATE] [datetime] NULL,
	[CITIZEN_ID_IMG_PATH] [nvarchar](200) NULL,
	[LICENSE_NO_IMG_PATH] [nvarchar](200) NULL,
	[UPLOAD_CITIZEN_IMG_DATE] [datetime] NULL,
	[UPLOAD_LICENSE_IMG_DATE] [datetime] NULL,
	[BOOKING_STATUS] [int] NULL,
	[BOOKING_DATE] [datetime] NULL,
	[PAYMENT_DATE] [datetime] NULL,
	[PROFILE_DATE] [datetime] NULL,
	[UPDATED_DATE] [datetime] NULL,
	[UPDATED_BY] [nvarchar](320) NULL,
 CONSTRAINT [PK_DPU_TRN_BOOKING] PRIMARY KEY CLUSTERED 
(
	[BOOKING_ID] ASC
)WITH (PAD_INDEX = OFF, STATISTICS_NORECOMPUTE = OFF, IGNORE_DUP_KEY = OFF, ALLOW_ROW_LOCKS = ON, ALLOW_PAGE_LOCKS = ON) ON [PRIMARY]
) ON [PRIMARY]
END
GO
SET ANSI_PADDING OFF
GO
/****** Object:  Table [dbo].[DPU_TRN_CAR_DAMAGE]    Script Date: 6/14/2018 5:15:39 PM ******/
SET ANSI_NULLS ON
GO
SET QUOTED_IDENTIFIER ON
GO
SET ANSI_PADDING ON
GO
IF NOT EXISTS (SELECT * FROM sys.objects WHERE object_id = OBJECT_ID(N'[dbo].[DPU_TRN_CAR_DAMAGE]') AND type in (N'U'))
BEGIN
CREATE TABLE [dbo].[DPU_TRN_CAR_DAMAGE](
	[CAR_DAMAGE_ID] [int] NOT NULL,
	[CAR_ID] [int] NULL,
	[DAMAGE_AREA] [int] NULL,
	[DAMAGE_DESCRIPTION] [nvarchar](200) NULL,
	[DAMAGE_IMG_PATH] [nvarchar](255) NULL,
	[ACTIVE_STATUS] [bit] NULL,
	[CREATED_DATE] [datetime] NULL,
	[CREATED_BY] [nvarchar](50) NULL,
	[UPDATED_DATE] [datetime] NULL,
	[UPDATED_BY] [nvarchar](50) NULL,
 CONSTRAINT [PK_DPU_TRN_CAR_DAMAGE] PRIMARY KEY CLUSTERED 
(
	[CAR_DAMAGE_ID] ASC
)WITH (PAD_INDEX = OFF, STATISTICS_NORECOMPUTE = OFF, IGNORE_DUP_KEY = OFF, ALLOW_ROW_LOCKS = ON, ALLOW_PAGE_LOCKS = ON) ON [PRIMARY]
) ON [PRIMARY]
END
GO
SET ANSI_PADDING OFF
GO
/****** Object:  Table [dbo].[DPU_TRN_REVIEW]    Script Date: 6/14/2018 5:15:39 PM ******/
SET ANSI_NULLS ON
GO
SET QUOTED_IDENTIFIER ON
GO
SET ANSI_PADDING ON
GO
IF NOT EXISTS (SELECT * FROM sys.objects WHERE object_id = OBJECT_ID(N'[dbo].[DPU_TRN_REVIEW]') AND type in (N'U'))
BEGIN
CREATE TABLE [dbo].[DPU_TRN_REVIEW](
	[REVIEW_ID] [int] IDENTITY(1,1) NOT NULL,
	[CAR_ID] [int] NULL,
	[REVIEWER_NAME] [nvarchar](50) NULL,
	[REVIEWER_COMMENT] [nvarchar](500) NULL,
	[REVIEW_SCORE] [int] NULL,
	[DISPLAY_STATUS] [bit] NULL,
	[REVIEW_DATE] [datetime] NULL,
 CONSTRAINT [PK_DPU_TRN_REVIEW] PRIMARY KEY CLUSTERED 
(
	[REVIEW_ID] ASC
)WITH (PAD_INDEX = OFF, STATISTICS_NORECOMPUTE = OFF, IGNORE_DUP_KEY = OFF, ALLOW_ROW_LOCKS = ON, ALLOW_PAGE_LOCKS = ON) ON [PRIMARY]
) ON [PRIMARY]
END
GO
SET ANSI_PADDING OFF
GO
/****** Object:  Table [dbo].[DPU_TRN_TASK]    Script Date: 6/14/2018 5:15:39 PM ******/
SET ANSI_NULLS ON
GO
SET QUOTED_IDENTIFIER ON
GO
SET ANSI_PADDING ON
GO
IF NOT EXISTS (SELECT * FROM sys.objects WHERE object_id = OBJECT_ID(N'[dbo].[DPU_TRN_TASK]') AND type in (N'U'))
BEGIN
CREATE TABLE [dbo].[DPU_TRN_TASK](
	[TASK_ID] [int] NOT NULL,
	[TASK_TYPE] [int] NULL,
	[BOOKING_REF_NO] [nvarchar](20) NULL,
	[CUSTOMER_NAME] [nvarchar](100) NULL,
	[MOBILE_NO] [nvarchar](50) NULL,
	[DESCRIPTION] [nvarchar](500) NULL,
	[TASK_STATUS] [int] NULL,
	[CREATED_DATE] [datetime] NULL,
	[CREATED_BY] [nvarchar](50) NULL,
	[UPDATED_DATE] [datetime] NULL,
	[UPDATED_BY] [nvarchar](50) NULL,
 CONSTRAINT [PK_DPU_TRN_TASK] PRIMARY KEY CLUSTERED 
(
	[TASK_ID] ASC
)WITH (PAD_INDEX = OFF, STATISTICS_NORECOMPUTE = OFF, IGNORE_DUP_KEY = OFF, ALLOW_ROW_LOCKS = ON, ALLOW_PAGE_LOCKS = ON) ON [PRIMARY]
) ON [PRIMARY]
END
GO

/****** Object:  Table [dbo].[DPU_MST_USER]    Script Date: 6/15/2018 9:54:42 AM ******/
IF  EXISTS (SELECT * FROM sys.objects WHERE object_id = OBJECT_ID(N'[dbo].[DPU_MST_USER]') AND type in (N'U'))
DROP TABLE [dbo].[DPU_MST_USER]
GO
/****** Object:  Table [dbo].[DPU_MST_USER]    Script Date: 6/15/2018 9:54:42 AM ******/
SET ANSI_NULLS ON
GO
SET QUOTED_IDENTIFIER ON
GO
SET ANSI_PADDING ON
GO
IF NOT EXISTS (SELECT * FROM sys.objects WHERE object_id = OBJECT_ID(N'[dbo].[DPU_MST_USER]') AND type in (N'U'))
BEGIN
CREATE TABLE [dbo].[DPU_MST_USER](
	[USER_ID] [int] NOT NULL,
	[USER_NAME] [nvarchar](20) NULL,
	[PASSWORD] [nvarchar](150) NULL,
	[FIRST_NAME] [nvarchar](50) NULL,
	[LAST_NAME] [nvarchar](50) NULL,
	[ACTIVE_STATUS] [bit] NULL,
	[CREATED_DATE] [datetime] NULL,
	[CREATED_BY] [nvarchar](50) NULL,
	[UPDATED_DATE] [datetime] NULL,
	[UPDATED_BY] [nvarchar](50) NULL,
 CONSTRAINT [PK_DPU_MST_USER] PRIMARY KEY CLUSTERED 
(
	[USER_ID] ASC
)WITH (PAD_INDEX = OFF, STATISTICS_NORECOMPUTE = OFF, IGNORE_DUP_KEY = OFF, ALLOW_ROW_LOCKS = ON, ALLOW_PAGE_LOCKS = ON) ON [PRIMARY]
) ON [PRIMARY]
END
GO
SET ANSI_PADDING OFF
GO

SET ANSI_PADDING OFF
GO
INSERT [dbo].[DPU_MST_CAR] ([CAR_ID], [LICENSE_NO], [LICENSE_PROVINCE], [SIPP_CODE], [CAR_CATEGORIES_NAME], [CAR_MAKE_ID], [CAR_MODEL_ID], [CAR_COLOR], [REGISTER_YEAR], [MANUFACTURE_YEAR], [ENGINE_SIZE], [TRANSMISSION], [FUEL_TYPE], [FUEL_LEVEL], [MILEAGE], [NO_OF_DOORS], [NO_OF_SEAT], [NO_OF_SMALL_BAG], [NO_OF_LARGE_BAG], [TIRE_DESCRIPTION], [BATTERY_MAKE], [BATTERY_MODEL], [BATTERY_START_DATE], [RENTAL_PRICE], [AIR_CONDITION], [CD_PLAYER], [RADIO], [AUX], [USB], [TAX_EXPIRY_DATE], [CAR_STATUS], [LOCATION_ID], [CREATED_DATE]) VALUES (1, N'1กก1001', N'กรุงเทพมหานคร', N'MCAR', N'Hatchback', 1, 1, N'Red', N'2015', N'2014', N'1200', N'Automatic', N'Gasohal E20', 4, N'16809', 5, 5, 2, 1, N'Goodyear 175/65R15', N'3K', N'NS60L', CAST(N'2018-07-05' AS Date), CAST(599.00 AS Decimal(10, 2)), 1, 1, 1, 1, 1, CAST(N'2019-01-01' AS Date), 1, 1, CAST(N'2018-06-12 18:19:04.133' AS DateTime))
GO
INSERT [dbo].[DPU_MST_CAR] ([CAR_ID], [LICENSE_NO], [LICENSE_PROVINCE], [SIPP_CODE], [CAR_CATEGORIES_NAME], [CAR_MAKE_ID], [CAR_MODEL_ID], [CAR_COLOR], [REGISTER_YEAR], [MANUFACTURE_YEAR], [ENGINE_SIZE], [TRANSMISSION], [FUEL_TYPE], [FUEL_LEVEL], [MILEAGE], [NO_OF_DOORS], [NO_OF_SEAT], [NO_OF_SMALL_BAG], [NO_OF_LARGE_BAG], [TIRE_DESCRIPTION], [BATTERY_MAKE], [BATTERY_MODEL], [BATTERY_START_DATE], [RENTAL_PRICE], [AIR_CONDITION], [CD_PLAYER], [RADIO], [AUX], [USB], [TAX_EXPIRY_DATE], [CAR_STATUS], [LOCATION_ID], [CREATED_DATE]) VALUES (2, N'3กข6001', N'กรุงเทพมหานคร', N'ECAR', N'Sedan', 1, 2, N'Red', N'2017', N'2017', N'1500', N'Automatic', N'Gasohal E20', 4, N'3450', 4, 5, 2, 2, N'Goodyear 175/65R15', N'3K', N'NS60R', CAST(N'2017-01-12' AS Date), CAST(699.00 AS Decimal(10, 2)), 1, 1, 1, 0, 0, CAST(N'2018-11-21' AS Date), 1, 1, CAST(N'2018-06-12 18:19:04.133' AS DateTime))
GO
INSERT [dbo].[DPU_MST_CAR] ([CAR_ID], [LICENSE_NO], [LICENSE_PROVINCE], [SIPP_CODE], [CAR_CATEGORIES_NAME], [CAR_MAKE_ID], [CAR_MODEL_ID], [CAR_COLOR], [REGISTER_YEAR], [MANUFACTURE_YEAR], [ENGINE_SIZE], [TRANSMISSION], [FUEL_TYPE], [FUEL_LEVEL], [MILEAGE], [NO_OF_DOORS], [NO_OF_SEAT], [NO_OF_SMALL_BAG], [NO_OF_LARGE_BAG], [TIRE_DESCRIPTION], [BATTERY_MAKE], [BATTERY_MODEL], [BATTERY_START_DATE], [RENTAL_PRICE], [AIR_CONDITION], [CD_PLAYER], [RADIO], [AUX], [USB], [TAX_EXPIRY_DATE], [CAR_STATUS], [LOCATION_ID], [CREATED_DATE]) VALUES (3, N'9กค2001', N'กรุงเทพมหานคร', N'CCAR', N'Sedan', 1, 3, N'Silver', N'2016', N'2015', N'1600', N'Automatic', N'Gasohal 95', 4, N'23591', 4, 5, 3, 2, N'Bridgestone Turanza AR20 215/60 R16 ', N'Bosch', N'65B24L-MF', CAST(N'2018-02-02' AS Date), CAST(799.00 AS Decimal(10, 2)), 1, 1, 1, 1, 1, CAST(N'2019-02-14' AS Date), 1, 1, CAST(N'2018-06-12 18:19:04.133' AS DateTime))
GO
INSERT [dbo].[DPU_MST_CAR] ([CAR_ID], [LICENSE_NO], [LICENSE_PROVINCE], [SIPP_CODE], [CAR_CATEGORIES_NAME], [CAR_MAKE_ID], [CAR_MODEL_ID], [CAR_COLOR], [REGISTER_YEAR], [MANUFACTURE_YEAR], [ENGINE_SIZE], [TRANSMISSION], [FUEL_TYPE], [FUEL_LEVEL], [MILEAGE], [NO_OF_DOORS], [NO_OF_SEAT], [NO_OF_SMALL_BAG], [NO_OF_LARGE_BAG], [TIRE_DESCRIPTION], [BATTERY_MAKE], [BATTERY_MODEL], [BATTERY_START_DATE], [RENTAL_PRICE], [AIR_CONDITION], [CD_PLAYER], [RADIO], [AUX], [USB], [TAX_EXPIRY_DATE], [CAR_STATUS], [LOCATION_ID], [CREATED_DATE]) VALUES (4, N'1กง9001', N'กรุงเทพมหานคร', N'FCAR', N'Sedan', 1, 4, N'Brown', N'2014', N'2014', N'2000', N'Automatic', N'Gasohal 95', 4, N'45392', 4, 5, 3, 2, N'Goodyear 215/60 R16', N'Boliden', N'12H70L', CAST(N'2018-04-04' AS Date), CAST(1700.00 AS Decimal(10, 2)), 1, 1, 1, 1, 1, CAST(N'2018-11-10' AS Date), 1, 1, CAST(N'2018-06-12 18:19:04.133' AS DateTime))
GO
INSERT [dbo].[DPU_MST_CAR] ([CAR_ID], [LICENSE_NO], [LICENSE_PROVINCE], [SIPP_CODE], [CAR_CATEGORIES_NAME], [CAR_MAKE_ID], [CAR_MODEL_ID], [CAR_COLOR], [REGISTER_YEAR], [MANUFACTURE_YEAR], [ENGINE_SIZE], [TRANSMISSION], [FUEL_TYPE], [FUEL_LEVEL], [MILEAGE], [NO_OF_DOORS], [NO_OF_SEAT], [NO_OF_SMALL_BAG], [NO_OF_LARGE_BAG], [TIRE_DESCRIPTION], [BATTERY_MAKE], [BATTERY_MODEL], [BATTERY_START_DATE], [RENTAL_PRICE], [AIR_CONDITION], [CD_PLAYER], [RADIO], [AUX], [USB], [TAX_EXPIRY_DATE], [CAR_STATUS], [LOCATION_ID], [CREATED_DATE]) VALUES (5, N'5กจ9003', N'กรุงเทพมหานคร', N'FFAR', N'SUV', 1, 5, N'Blue', N'2012', N'2011', N'2400', N'Automatic', N'Gasohal 95', 4, N'76549', 5, 7, 3, 2, N'Yokohama GEOLANDAR 265/65 R17 ', N'GS', N'N50ZL', CAST(N'2018-05-05' AS Date), CAST(2000.00 AS Decimal(10, 2)), 1, 1, 1, 1, 1, CAST(N'2018-12-12' AS Date), 1, 1, CAST(N'2018-06-12 18:19:04.133' AS DateTime))
GO
INSERT [dbo].[DPU_MST_CAR] ([CAR_ID], [LICENSE_NO], [LICENSE_PROVINCE], [SIPP_CODE], [CAR_CATEGORIES_NAME], [CAR_MAKE_ID], [CAR_MODEL_ID], [CAR_COLOR], [REGISTER_YEAR], [MANUFACTURE_YEAR], [ENGINE_SIZE], [TRANSMISSION], [FUEL_TYPE], [FUEL_LEVEL], [MILEAGE], [NO_OF_DOORS], [NO_OF_SEAT], [NO_OF_SMALL_BAG], [NO_OF_LARGE_BAG], [TIRE_DESCRIPTION], [BATTERY_MAKE], [BATTERY_MODEL], [BATTERY_START_DATE], [RENTAL_PRICE], [AIR_CONDITION], [CD_PLAYER], [RADIO], [AUX], [USB], [TAX_EXPIRY_DATE], [CAR_STATUS], [LOCATION_ID], [CREATED_DATE]) VALUES (6, N'7กฉ9801', N'กรุงเทพมหานคร', N'ECAR', N'Hatchback', 2, 6, N'Yellow', N'2016', N'2016', N'1500', N'Automatic', N'Gasohal 91', 4, N'13005', 5, 5, 2, 1, N'Bridgestone ECOPIA 175/65 R15 ', N'GS', N'NS40ZL', CAST(N'2017-01-01' AS Date), CAST(699.00 AS Decimal(10, 2)), 1, 1, 1, 1, 1, CAST(N'2018-12-12' AS Date), 1, 1, CAST(N'2018-06-12 18:19:04.133' AS DateTime))
GO
INSERT [dbo].[DPU_MST_CAR] ([CAR_ID], [LICENSE_NO], [LICENSE_PROVINCE], [SIPP_CODE], [CAR_CATEGORIES_NAME], [CAR_MAKE_ID], [CAR_MODEL_ID], [CAR_COLOR], [REGISTER_YEAR], [MANUFACTURE_YEAR], [ENGINE_SIZE], [TRANSMISSION], [FUEL_TYPE], [FUEL_LEVEL], [MILEAGE], [NO_OF_DOORS], [NO_OF_SEAT], [NO_OF_SMALL_BAG], [NO_OF_LARGE_BAG], [TIRE_DESCRIPTION], [BATTERY_MAKE], [BATTERY_MODEL], [BATTERY_START_DATE], [RENTAL_PRICE], [AIR_CONDITION], [CD_PLAYER], [RADIO], [AUX], [USB], [TAX_EXPIRY_DATE], [CAR_STATUS], [LOCATION_ID], [CREATED_DATE]) VALUES (7, N'2กช0901', N'กรุงเทพมหานคร', N'ECAR', N'Sedan', 2, 7, N'Blue', N'2014', N'2014', N'1500', N'Automatic', N'Gasohal 91', 4, N'44881', 4, 5, 2, 2, N'GOODYEAR GT3 175/65 R15', N'3K', N'NS40ZL', CAST(N'2017-02-01' AS Date), CAST(550.00 AS Decimal(10, 2)), 1, 0, 1, 1, 1, CAST(N'2018-11-10' AS Date), 1, 1, CAST(N'2018-06-12 18:19:04.133' AS DateTime))
GO
INSERT [dbo].[DPU_MST_CAR] ([CAR_ID], [LICENSE_NO], [LICENSE_PROVINCE], [SIPP_CODE], [CAR_CATEGORIES_NAME], [CAR_MAKE_ID], [CAR_MODEL_ID], [CAR_COLOR], [REGISTER_YEAR], [MANUFACTURE_YEAR], [ENGINE_SIZE], [TRANSMISSION], [FUEL_TYPE], [FUEL_LEVEL], [MILEAGE], [NO_OF_DOORS], [NO_OF_SEAT], [NO_OF_SMALL_BAG], [NO_OF_LARGE_BAG], [TIRE_DESCRIPTION], [BATTERY_MAKE], [BATTERY_MODEL], [BATTERY_START_DATE], [RENTAL_PRICE], [AIR_CONDITION], [CD_PLAYER], [RADIO], [AUX], [USB], [TAX_EXPIRY_DATE], [CAR_STATUS], [LOCATION_ID], [CREATED_DATE]) VALUES (8, N'9กซ8001', N'กรุงเทพมหานคร', N'IFAR', N'SUV', 2, 8, N'Blue', N'2016', N'2015', N'1800', N'Automatic', N'Gasohal 95', 4, N'19856', 5, 5, 2, 2, N'Goodyear 215/55 R17', N'3K', N'NS60R', CAST(N'2018-01-01' AS Date), CAST(1100.00 AS Decimal(10, 2)), 1, 0, 1, 1, 1, CAST(N'2019-02-14' AS Date), 1, 1, CAST(N'2018-06-12 18:19:04.133' AS DateTime))
GO
INSERT [dbo].[DPU_MST_CAR] ([CAR_ID], [LICENSE_NO], [LICENSE_PROVINCE], [SIPP_CODE], [CAR_CATEGORIES_NAME], [CAR_MAKE_ID], [CAR_MODEL_ID], [CAR_COLOR], [REGISTER_YEAR], [MANUFACTURE_YEAR], [ENGINE_SIZE], [TRANSMISSION], [FUEL_TYPE], [FUEL_LEVEL], [MILEAGE], [NO_OF_DOORS], [NO_OF_SEAT], [NO_OF_SMALL_BAG], [NO_OF_LARGE_BAG], [TIRE_DESCRIPTION], [BATTERY_MAKE], [BATTERY_MODEL], [BATTERY_START_DATE], [RENTAL_PRICE], [AIR_CONDITION], [CD_PLAYER], [RADIO], [AUX], [USB], [TAX_EXPIRY_DATE], [CAR_STATUS], [LOCATION_ID], [CREATED_DATE]) VALUES (9, N'3กญ9901', N'กรุงเทพมหานคร', N'IDAR', N'Sedan', 2, 9, N'Blue', N'2016', N'2015', N'1800', N'Automatic', N'Gasohal 95', 4, N'8699', 4, 5, 3, 2, N'GOODYEAR EXCELLENCE 215/45 R17', N'GS', N'46B24R-MF', CAST(N'2018-01-01' AS Date), CAST(1550.00 AS Decimal(10, 2)), 1, 0, 1, 0, 1, CAST(N'2018-09-09' AS Date), 1, 1, CAST(N'2018-06-12 18:19:04.133' AS DateTime))
GO
INSERT [dbo].[DPU_MST_CAR] ([CAR_ID], [LICENSE_NO], [LICENSE_PROVINCE], [SIPP_CODE], [CAR_CATEGORIES_NAME], [CAR_MAKE_ID], [CAR_MODEL_ID], [CAR_COLOR], [REGISTER_YEAR], [MANUFACTURE_YEAR], [ENGINE_SIZE], [TRANSMISSION], [FUEL_TYPE], [FUEL_LEVEL], [MILEAGE], [NO_OF_DOORS], [NO_OF_SEAT], [NO_OF_SMALL_BAG], [NO_OF_LARGE_BAG], [TIRE_DESCRIPTION], [BATTERY_MAKE], [BATTERY_MODEL], [BATTERY_START_DATE], [RENTAL_PRICE], [AIR_CONDITION], [CD_PLAYER], [RADIO], [AUX], [USB], [TAX_EXPIRY_DATE], [CAR_STATUS], [LOCATION_ID], [CREATED_DATE]) VALUES (10, N'6กณ2301', N'กรุงเทพมหานคร', N'FCAR', N'Sedan', 2, 10, N'Black', N'2012', N'2012', N'2000', N'Automatic', N'Gasoline 95', 4, N'74352', 4, 5, 3, 2, N'Bridgestone turanza 225/50 R17', N'GS', N'D60R-DL', CAST(N'2017-01-01' AS Date), CAST(2000.00 AS Decimal(10, 2)), 1, 1, 1, 1, 1, CAST(N'2018-11-21' AS Date), 1, 1, CAST(N'2018-06-12 18:19:04.133' AS DateTime))
GO
INSERT [dbo].[DPU_MST_CAR] ([CAR_ID], [LICENSE_NO], [LICENSE_PROVINCE], [SIPP_CODE], [CAR_CATEGORIES_NAME], [CAR_MAKE_ID], [CAR_MODEL_ID], [CAR_COLOR], [REGISTER_YEAR], [MANUFACTURE_YEAR], [ENGINE_SIZE], [TRANSMISSION], [FUEL_TYPE], [FUEL_LEVEL], [MILEAGE], [NO_OF_DOORS], [NO_OF_SEAT], [NO_OF_SMALL_BAG], [NO_OF_LARGE_BAG], [TIRE_DESCRIPTION], [BATTERY_MAKE], [BATTERY_MODEL], [BATTERY_START_DATE], [RENTAL_PRICE], [AIR_CONDITION], [CD_PLAYER], [RADIO], [AUX], [USB], [TAX_EXPIRY_DATE], [CAR_STATUS], [LOCATION_ID], [CREATED_DATE]) VALUES (11, N'1กด5601', N'กรุงเทพมหานคร', N'MCAR', N'Hatchback', 3, 13, N'Red', N'2016', N'2015', N'1200', N'Automatic', N'Gasohal 91', 4, N'4580', 5, 5, 2, 2, N'Goodyear 175/65R15', N'Yuasa ', N'NS60L', CAST(N'2018-01-01' AS Date), CAST(1300.00 AS Decimal(10, 2)), 1, 1, 1, 1, 1, CAST(N'2018-12-12' AS Date), 1, 1, CAST(N'2018-06-12 18:19:04.133' AS DateTime))
GO
INSERT [dbo].[DPU_MST_CAR] ([CAR_ID], [LICENSE_NO], [LICENSE_PROVINCE], [SIPP_CODE], [CAR_CATEGORIES_NAME], [CAR_MAKE_ID], [CAR_MODEL_ID], [CAR_COLOR], [REGISTER_YEAR], [MANUFACTURE_YEAR], [ENGINE_SIZE], [TRANSMISSION], [FUEL_TYPE], [FUEL_LEVEL], [MILEAGE], [NO_OF_DOORS], [NO_OF_SEAT], [NO_OF_SMALL_BAG], [NO_OF_LARGE_BAG], [TIRE_DESCRIPTION], [BATTERY_MAKE], [BATTERY_MODEL], [BATTERY_START_DATE], [RENTAL_PRICE], [AIR_CONDITION], [CD_PLAYER], [RADIO], [AUX], [USB], [TAX_EXPIRY_DATE], [CAR_STATUS], [LOCATION_ID], [CREATED_DATE]) VALUES (12, N'4กต1506', N'กรุงเทพมหานคร', N'FFAR', N'SUV', 2, 11, N'Brown', N'2015', N'2015', N'2500', N'Automatic', N'Gasoline 95', 4, N'300000', 5, 7, 2, 2, N'Michalin  PRIMACY SUV 225/65 R17', N'3K', N'NS60R', CAST(N'2018-01-01' AS Date), CAST(1750.00 AS Decimal(10, 2)), 1, 1, 1, 1, 1, CAST(N'2019-01-01' AS Date), 1, 1, CAST(N'2018-06-12 18:19:04.133' AS DateTime))
GO
INSERT [dbo].[DPU_MST_CAR] ([CAR_ID], [LICENSE_NO], [LICENSE_PROVINCE], [SIPP_CODE], [CAR_CATEGORIES_NAME], [CAR_MAKE_ID], [CAR_MODEL_ID], [CAR_COLOR], [REGISTER_YEAR], [MANUFACTURE_YEAR], [ENGINE_SIZE], [TRANSMISSION], [FUEL_TYPE], [FUEL_LEVEL], [MILEAGE], [NO_OF_DOORS], [NO_OF_SEAT], [NO_OF_SMALL_BAG], [NO_OF_LARGE_BAG], [TIRE_DESCRIPTION], [BATTERY_MAKE], [BATTERY_MODEL], [BATTERY_START_DATE], [RENTAL_PRICE], [AIR_CONDITION], [CD_PLAYER], [RADIO], [AUX], [USB], [TAX_EXPIRY_DATE], [CAR_STATUS], [LOCATION_ID], [CREATED_DATE]) VALUES (13, N'2กถ9779', N'กรุงเทพมหานคร', N'FFAR', N'SUV', 5, 17, N'Silver', N'2014', N'2014', N'2000', N'Automatic', N'Gasohal 95', 4, N'40000', 5, 7, 2, 2, N'Goodyear 225/65 R17', N'Yuasa ', N'50B24L-MF', CAST(N'2017-07-09' AS Date), CAST(1950.00 AS Decimal(10, 2)), 1, 1, 1, 1, 1, CAST(N'2018-11-21' AS Date), 1, 1, CAST(N'2018-06-12 18:19:04.133' AS DateTime))
GO
INSERT [dbo].[DPU_MST_CAR] ([CAR_ID], [LICENSE_NO], [LICENSE_PROVINCE], [SIPP_CODE], [CAR_CATEGORIES_NAME], [CAR_MAKE_ID], [CAR_MODEL_ID], [CAR_COLOR], [REGISTER_YEAR], [MANUFACTURE_YEAR], [ENGINE_SIZE], [TRANSMISSION], [FUEL_TYPE], [FUEL_LEVEL], [MILEAGE], [NO_OF_DOORS], [NO_OF_SEAT], [NO_OF_SMALL_BAG], [NO_OF_LARGE_BAG], [TIRE_DESCRIPTION], [BATTERY_MAKE], [BATTERY_MODEL], [BATTERY_START_DATE], [RENTAL_PRICE], [AIR_CONDITION], [CD_PLAYER], [RADIO], [AUX], [USB], [TAX_EXPIRY_DATE], [CAR_STATUS], [LOCATION_ID], [CREATED_DATE]) VALUES (14, N'กท13', N'กรุงเทพมหานคร', N'FFAR', N'SUV', 3, 14, N'Black', N'2014', N'2014', N'1500', N'Automatic', N'Gasohal 91', 4, N'450000', 5, 7, 2, 2, N'Goodyear NISMO 225/45 R18', N'FB', N'M600L', CAST(N'2018-01-01' AS Date), CAST(799.00 AS Decimal(10, 2)), 1, 1, 1, 1, 1, CAST(N'2018-11-21' AS Date), 1, 1, CAST(N'2018-06-12 18:19:04.133' AS DateTime))
GO
INSERT [dbo].[DPU_MST_CAR] ([CAR_ID], [LICENSE_NO], [LICENSE_PROVINCE], [SIPP_CODE], [CAR_CATEGORIES_NAME], [CAR_MAKE_ID], [CAR_MODEL_ID], [CAR_COLOR], [REGISTER_YEAR], [MANUFACTURE_YEAR], [ENGINE_SIZE], [TRANSMISSION], [FUEL_TYPE], [FUEL_LEVEL], [MILEAGE], [NO_OF_DOORS], [NO_OF_SEAT], [NO_OF_SMALL_BAG], [NO_OF_LARGE_BAG], [TIRE_DESCRIPTION], [BATTERY_MAKE], [BATTERY_MODEL], [BATTERY_START_DATE], [RENTAL_PRICE], [AIR_CONDITION], [CD_PLAYER], [RADIO], [AUX], [USB], [TAX_EXPIRY_DATE], [CAR_STATUS], [LOCATION_ID], [CREATED_DATE]) VALUES (15, N'6กธ2006', N'กรุงเทพมหานคร', N'FFAR', N'SUV', 2, 11, N'White', N'2017', N'2016', N'2500', N'Automatic', N'Gasoline 95', 4, N'79475', 5, 7, 2, 2, N'Yokohama BluEarth-RV-02 225/65 R17 ', N'3K', N'NS40ZL', CAST(N'2017-02-01' AS Date), CAST(1790.00 AS Decimal(10, 2)), 1, 1, 1, 1, 1, CAST(N'2018-11-10' AS Date), 1, 2, CAST(N'2018-06-12 18:19:04.133' AS DateTime))
GO
INSERT [dbo].[DPU_MST_CAR] ([CAR_ID], [LICENSE_NO], [LICENSE_PROVINCE], [SIPP_CODE], [CAR_CATEGORIES_NAME], [CAR_MAKE_ID], [CAR_MODEL_ID], [CAR_COLOR], [REGISTER_YEAR], [MANUFACTURE_YEAR], [ENGINE_SIZE], [TRANSMISSION], [FUEL_TYPE], [FUEL_LEVEL], [MILEAGE], [NO_OF_DOORS], [NO_OF_SEAT], [NO_OF_SMALL_BAG], [NO_OF_LARGE_BAG], [TIRE_DESCRIPTION], [BATTERY_MAKE], [BATTERY_MODEL], [BATTERY_START_DATE], [RENTAL_PRICE], [AIR_CONDITION], [CD_PLAYER], [RADIO], [AUX], [USB], [TAX_EXPIRY_DATE], [CAR_STATUS], [LOCATION_ID], [CREATED_DATE]) VALUES (16, N'4กฉ1975', N'กรุงเทพมหานคร', N'MCAR', N'Hatchback', 1, 1, N'Red', N'2015', N'2015', N'1200', N'Automatic', N'Gasohal E20', 4, N'550000', 5, 5, 2, 2, N'Goodyear 175/65R15', N'Yuasa ', N'50B24L-MF', CAST(N'2017-10-10' AS Date), CAST(559.00 AS Decimal(10, 2)), 1, 1, 1, 0, 1, CAST(N'2018-12-12' AS Date), 1, 2, CAST(N'2018-06-12 18:19:04.133' AS DateTime))
GO
INSERT [dbo].[DPU_MST_CAR] ([CAR_ID], [LICENSE_NO], [LICENSE_PROVINCE], [SIPP_CODE], [CAR_CATEGORIES_NAME], [CAR_MAKE_ID], [CAR_MODEL_ID], [CAR_COLOR], [REGISTER_YEAR], [MANUFACTURE_YEAR], [ENGINE_SIZE], [TRANSMISSION], [FUEL_TYPE], [FUEL_LEVEL], [MILEAGE], [NO_OF_DOORS], [NO_OF_SEAT], [NO_OF_SMALL_BAG], [NO_OF_LARGE_BAG], [TIRE_DESCRIPTION], [BATTERY_MAKE], [BATTERY_MODEL], [BATTERY_START_DATE], [RENTAL_PRICE], [AIR_CONDITION], [CD_PLAYER], [RADIO], [AUX], [USB], [TAX_EXPIRY_DATE], [CAR_STATUS], [LOCATION_ID], [CREATED_DATE]) VALUES (17, N'กท2684', N'กรุงเทพมหานคร', N'MCAR', N'Hatchback', 2, 6, N'Black', N'2006', N'2006', N'1500', N'Automatic', N'Gasohal 91', 4, N'99712', 5, 5, 2, 2, N'Bridgestone ECOPIA 175/65 R15 ', N'GS', N'46B24R-MF', CAST(N'2018-01-01' AS Date), CAST(699.00 AS Decimal(10, 2)), 1, 1, 1, 1, 1, CAST(N'2019-01-01' AS Date), 1, 2, CAST(N'2018-06-12 18:19:04.133' AS DateTime))
GO
INSERT [dbo].[DPU_MST_CAR] ([CAR_ID], [LICENSE_NO], [LICENSE_PROVINCE], [SIPP_CODE], [CAR_CATEGORIES_NAME], [CAR_MAKE_ID], [CAR_MODEL_ID], [CAR_COLOR], [REGISTER_YEAR], [MANUFACTURE_YEAR], [ENGINE_SIZE], [TRANSMISSION], [FUEL_TYPE], [FUEL_LEVEL], [MILEAGE], [NO_OF_DOORS], [NO_OF_SEAT], [NO_OF_SMALL_BAG], [NO_OF_LARGE_BAG], [TIRE_DESCRIPTION], [BATTERY_MAKE], [BATTERY_MODEL], [BATTERY_START_DATE], [RENTAL_PRICE], [AIR_CONDITION], [CD_PLAYER], [RADIO], [AUX], [USB], [TAX_EXPIRY_DATE], [CAR_STATUS], [LOCATION_ID], [CREATED_DATE]) VALUES (18, N'5ขข4022', N'กรุงเทพมหานคร', N'FFAR', N'SUV', 1, 5, N'White', N'2016', N'2016', N'2500', N'Automatic', N'Gasohal 95', 4, N'6224', 5, 7, 2, 2, N'Dunlop GRANDTREK 265/65 R17 ', N'Bosch', N'80D23L-MF', CAST(N'2018-05-05' AS Date), CAST(2000.00 AS Decimal(10, 2)), 1, 1, 1, 1, 1, CAST(N'2018-09-09' AS Date), 1, 2, CAST(N'2018-06-12 18:19:04.133' AS DateTime))
GO
INSERT [dbo].[DPU_MST_CAR] ([CAR_ID], [LICENSE_NO], [LICENSE_PROVINCE], [SIPP_CODE], [CAR_CATEGORIES_NAME], [CAR_MAKE_ID], [CAR_MODEL_ID], [CAR_COLOR], [REGISTER_YEAR], [MANUFACTURE_YEAR], [ENGINE_SIZE], [TRANSMISSION], [FUEL_TYPE], [FUEL_LEVEL], [MILEAGE], [NO_OF_DOORS], [NO_OF_SEAT], [NO_OF_SMALL_BAG], [NO_OF_LARGE_BAG], [TIRE_DESCRIPTION], [BATTERY_MAKE], [BATTERY_MODEL], [BATTERY_START_DATE], [RENTAL_PRICE], [AIR_CONDITION], [CD_PLAYER], [RADIO], [AUX], [USB], [TAX_EXPIRY_DATE], [CAR_STATUS], [LOCATION_ID], [CREATED_DATE]) VALUES (19, N'มส539', N'นนทบุรี', N'MCAR', N'Hatchback', 6, 21, N'Red', N'2011', N'2011', N'1500', N'Automatic', N'Gasohal 91', 4, N'100000', 5, 5, 2, 2, N'Goodyear 185/60 R15', N'Yuasa ', N'NS60L', CAST(N'2018-01-01' AS Date), CAST(699.00 AS Decimal(10, 2)), 1, 1, 1, 1, 1, CAST(N'2018-11-21' AS Date), 1, 2, CAST(N'2018-06-12 18:19:04.133' AS DateTime))
GO
INSERT [dbo].[DPU_MST_CAR] ([CAR_ID], [LICENSE_NO], [LICENSE_PROVINCE], [SIPP_CODE], [CAR_CATEGORIES_NAME], [CAR_MAKE_ID], [CAR_MODEL_ID], [CAR_COLOR], [REGISTER_YEAR], [MANUFACTURE_YEAR], [ENGINE_SIZE], [TRANSMISSION], [FUEL_TYPE], [FUEL_LEVEL], [MILEAGE], [NO_OF_DOORS], [NO_OF_SEAT], [NO_OF_SMALL_BAG], [NO_OF_LARGE_BAG], [TIRE_DESCRIPTION], [BATTERY_MAKE], [BATTERY_MODEL], [BATTERY_START_DATE], [RENTAL_PRICE], [AIR_CONDITION], [CD_PLAYER], [RADIO], [AUX], [USB], [TAX_EXPIRY_DATE], [CAR_STATUS], [LOCATION_ID], [CREATED_DATE]) VALUES (20, N'นน7797', N'นนทบุรี', N'MCAR', N'Hatchback', 4, 16, N'Brown', N'2017', N'2016', N'1200', N'Automatic', N'Gasohal E85', 4, N'60', 4, 5, 2, 2, N'Dunlop ENASAVE 165/65 R14', N'3K', N'NS40ZL', CAST(N'2017-05-05' AS Date), CAST(599.00 AS Decimal(10, 2)), 1, 1, 1, 1, 1, CAST(N'2019-01-01' AS Date), 1, 2, CAST(N'2018-06-12 18:19:04.133' AS DateTime))
GO
INSERT [dbo].[DPU_MST_CAR] ([CAR_ID], [LICENSE_NO], [LICENSE_PROVINCE], [SIPP_CODE], [CAR_CATEGORIES_NAME], [CAR_MAKE_ID], [CAR_MODEL_ID], [CAR_COLOR], [REGISTER_YEAR], [MANUFACTURE_YEAR], [ENGINE_SIZE], [TRANSMISSION], [FUEL_TYPE], [FUEL_LEVEL], [MILEAGE], [NO_OF_DOORS], [NO_OF_SEAT], [NO_OF_SMALL_BAG], [NO_OF_LARGE_BAG], [TIRE_DESCRIPTION], [BATTERY_MAKE], [BATTERY_MODEL], [BATTERY_START_DATE], [RENTAL_PRICE], [AIR_CONDITION], [CD_PLAYER], [RADIO], [AUX], [USB], [TAX_EXPIRY_DATE], [CAR_STATUS], [LOCATION_ID], [CREATED_DATE]) VALUES (21, N'4กก6887', N'นนทบุรี', N'MCAR', N'Hatchback', 1, 1, N'White', N'2015', N'2015', N'1200', N'Automatic', N'Gasohal E20', 4, N'29000', 5, 5, 2, 2, N'Goodyear 175/65R15', N'GS', N'46B24L-MF', CAST(N'2018-12-01' AS Date), CAST(579.00 AS Decimal(10, 2)), 1, 1, 1, 1, 1, CAST(N'2019-01-01' AS Date), 1, 2, CAST(N'2018-06-12 18:19:04.133' AS DateTime))
GO
INSERT [dbo].[DPU_MST_CAR] ([CAR_ID], [LICENSE_NO], [LICENSE_PROVINCE], [SIPP_CODE], [CAR_CATEGORIES_NAME], [CAR_MAKE_ID], [CAR_MODEL_ID], [CAR_COLOR], [REGISTER_YEAR], [MANUFACTURE_YEAR], [ENGINE_SIZE], [TRANSMISSION], [FUEL_TYPE], [FUEL_LEVEL], [MILEAGE], [NO_OF_DOORS], [NO_OF_SEAT], [NO_OF_SMALL_BAG], [NO_OF_LARGE_BAG], [TIRE_DESCRIPTION], [BATTERY_MAKE], [BATTERY_MODEL], [BATTERY_START_DATE], [RENTAL_PRICE], [AIR_CONDITION], [CD_PLAYER], [RADIO], [AUX], [USB], [TAX_EXPIRY_DATE], [CAR_STATUS], [LOCATION_ID], [CREATED_DATE]) VALUES (22, N'กผ5995', N'นนทบุรี', N'MCAR', N'Hatchback', 4, 16, N'Red', N'2013', N'2012', N'1200', N'Automatic', N'Gasohal E85', 4, N'85000', 4, 5, 2, 2, N'Dunlop ENASAVE 165/65 R14', N'GS', N'NS60L', CAST(N'2017-05-05' AS Date), CAST(590.00 AS Decimal(10, 2)), 1, 1, 1, 1, 1, CAST(N'2018-12-12' AS Date), 1, 2, CAST(N'2018-06-12 18:19:04.133' AS DateTime))
GO
INSERT [dbo].[DPU_MST_CAR] ([CAR_ID], [LICENSE_NO], [LICENSE_PROVINCE], [SIPP_CODE], [CAR_CATEGORIES_NAME], [CAR_MAKE_ID], [CAR_MODEL_ID], [CAR_COLOR], [REGISTER_YEAR], [MANUFACTURE_YEAR], [ENGINE_SIZE], [TRANSMISSION], [FUEL_TYPE], [FUEL_LEVEL], [MILEAGE], [NO_OF_DOORS], [NO_OF_SEAT], [NO_OF_SMALL_BAG], [NO_OF_LARGE_BAG], [TIRE_DESCRIPTION], [BATTERY_MAKE], [BATTERY_MODEL], [BATTERY_START_DATE], [RENTAL_PRICE], [AIR_CONDITION], [CD_PLAYER], [RADIO], [AUX], [USB], [TAX_EXPIRY_DATE], [CAR_STATUS], [LOCATION_ID], [CREATED_DATE]) VALUES (23, N'กพ4151', N'นนทบุรี', N'MCAR', N'Hatchback', 4, 16, N'White', N'2013', N'2012', N'1200', N'Automatic', N'Gasohal E85', 4, N'975000', 4, 5, 2, 2, N'Dunlop ENASAVE 165/65 R14', N'Panasonic', N'44B19L-MF', CAST(N'2017-05-05' AS Date), CAST(550.00 AS Decimal(10, 2)), 1, 1, 1, 1, 1, CAST(N'2018-11-10' AS Date), 1, 2, CAST(N'2018-06-12 18:19:04.133' AS DateTime))
GO
INSERT [dbo].[DPU_MST_CAR] ([CAR_ID], [LICENSE_NO], [LICENSE_PROVINCE], [SIPP_CODE], [CAR_CATEGORIES_NAME], [CAR_MAKE_ID], [CAR_MODEL_ID], [CAR_COLOR], [REGISTER_YEAR], [MANUFACTURE_YEAR], [ENGINE_SIZE], [TRANSMISSION], [FUEL_TYPE], [FUEL_LEVEL], [MILEAGE], [NO_OF_DOORS], [NO_OF_SEAT], [NO_OF_SMALL_BAG], [NO_OF_LARGE_BAG], [TIRE_DESCRIPTION], [BATTERY_MAKE], [BATTERY_MODEL], [BATTERY_START_DATE], [RENTAL_PRICE], [AIR_CONDITION], [CD_PLAYER], [RADIO], [AUX], [USB], [TAX_EXPIRY_DATE], [CAR_STATUS], [LOCATION_ID], [CREATED_DATE]) VALUES (24, N'ฆส1166', N'นนทบุรี', N'MCAR', N'Hatchback', 4, 16, N'Red', N'2012', N'2012', N'1200', N'Automatic', N'Gasohal E85', 4, N'110000', 4, 5, 2, 2, N'Dunlop ENASAVE 165/65 R14', N'Energizer', N'38B19L', CAST(N'2017-05-05' AS Date), CAST(575.00 AS Decimal(10, 2)), 1, 1, 1, 1, 1, CAST(N'2018-11-21' AS Date), 1, 2, CAST(N'2018-06-12 18:19:04.133' AS DateTime))
GO
INSERT [dbo].[DPU_MST_CAR] ([CAR_ID], [LICENSE_NO], [LICENSE_PROVINCE], [SIPP_CODE], [CAR_CATEGORIES_NAME], [CAR_MAKE_ID], [CAR_MODEL_ID], [CAR_COLOR], [REGISTER_YEAR], [MANUFACTURE_YEAR], [ENGINE_SIZE], [TRANSMISSION], [FUEL_TYPE], [FUEL_LEVEL], [MILEAGE], [NO_OF_DOORS], [NO_OF_SEAT], [NO_OF_SMALL_BAG], [NO_OF_LARGE_BAG], [TIRE_DESCRIPTION], [BATTERY_MAKE], [BATTERY_MODEL], [BATTERY_START_DATE], [RENTAL_PRICE], [AIR_CONDITION], [CD_PLAYER], [RADIO], [AUX], [USB], [TAX_EXPIRY_DATE], [CAR_STATUS], [LOCATION_ID], [CREATED_DATE]) VALUES (25, N'ญม2112', N'นนทบุรี', N'MCAR', N'Hatchback', 3, 15, N'pink', N'2011', N'2011', N'1200', N'Manual', N'Gasohal 91', 4, N'50000', 4, 5, 2, 1, N'TOYO 215/55 R17', N'3K', N'46B24L-MF', CAST(N'2018-01-01' AS Date), CAST(599.00 AS Decimal(10, 2)), 1, 1, 1, 1, 1, CAST(N'2019-01-01' AS Date), 1, 2, CAST(N'2018-06-12 18:19:04.133' AS DateTime))
GO
INSERT [dbo].[DPU_MST_CAR] ([CAR_ID], [LICENSE_NO], [LICENSE_PROVINCE], [SIPP_CODE], [CAR_CATEGORIES_NAME], [CAR_MAKE_ID], [CAR_MODEL_ID], [CAR_COLOR], [REGISTER_YEAR], [MANUFACTURE_YEAR], [ENGINE_SIZE], [TRANSMISSION], [FUEL_TYPE], [FUEL_LEVEL], [MILEAGE], [NO_OF_DOORS], [NO_OF_SEAT], [NO_OF_SMALL_BAG], [NO_OF_LARGE_BAG], [TIRE_DESCRIPTION], [BATTERY_MAKE], [BATTERY_MODEL], [BATTERY_START_DATE], [RENTAL_PRICE], [AIR_CONDITION], [CD_PLAYER], [RADIO], [AUX], [USB], [TAX_EXPIRY_DATE], [CAR_STATUS], [LOCATION_ID], [CREATED_DATE]) VALUES (26, N'ศก7966', N'นนทบุรี', N'MCAR', N'Hatchback', 2, 6, N'Blue', N'2004', N'2004', N'1500', N'Automatic', N'Gasohal 91', 4, N'120000', 4, 5, 2, 2, N'Bridgestone ECOPIA 175/65 R15 ', N'3K', N'NS40ZL', CAST(N'2017-02-01' AS Date), CAST(689.00 AS Decimal(10, 2)), 1, 1, 1, 1, 1, CAST(N'2018-11-21' AS Date), 1, 2, CAST(N'2018-06-12 18:19:04.133' AS DateTime))
GO
INSERT [dbo].[DPU_MST_CAR] ([CAR_ID], [LICENSE_NO], [LICENSE_PROVINCE], [SIPP_CODE], [CAR_CATEGORIES_NAME], [CAR_MAKE_ID], [CAR_MODEL_ID], [CAR_COLOR], [REGISTER_YEAR], [MANUFACTURE_YEAR], [ENGINE_SIZE], [TRANSMISSION], [FUEL_TYPE], [FUEL_LEVEL], [MILEAGE], [NO_OF_DOORS], [NO_OF_SEAT], [NO_OF_SMALL_BAG], [NO_OF_LARGE_BAG], [TIRE_DESCRIPTION], [BATTERY_MAKE], [BATTERY_MODEL], [BATTERY_START_DATE], [RENTAL_PRICE], [AIR_CONDITION], [CD_PLAYER], [RADIO], [AUX], [USB], [TAX_EXPIRY_DATE], [CAR_STATUS], [LOCATION_ID], [CREATED_DATE]) VALUES (27, N'5กฮ8959', N'นนทบุรี', N'EVAR', N'Van', 2, 8, N'Silver', N'2017', N'2016', N'1800', N'Automatic', N'Gasohal 95', 4, N'10000', 3, 7, 2, 2, N'Goodyear 215/55 R17', N'GS', N'46B24R-MF', CAST(N'2018-01-01' AS Date), CAST(1000.00 AS Decimal(10, 2)), 1, 1, 1, 1, 1, CAST(N'2018-11-10' AS Date), 1, 5, CAST(N'2018-06-12 18:19:04.133' AS DateTime))
GO
INSERT [dbo].[DPU_MST_CAR] ([CAR_ID], [LICENSE_NO], [LICENSE_PROVINCE], [SIPP_CODE], [CAR_CATEGORIES_NAME], [CAR_MAKE_ID], [CAR_MODEL_ID], [CAR_COLOR], [REGISTER_YEAR], [MANUFACTURE_YEAR], [ENGINE_SIZE], [TRANSMISSION], [FUEL_TYPE], [FUEL_LEVEL], [MILEAGE], [NO_OF_DOORS], [NO_OF_SEAT], [NO_OF_SMALL_BAG], [NO_OF_LARGE_BAG], [TIRE_DESCRIPTION], [BATTERY_MAKE], [BATTERY_MODEL], [BATTERY_START_DATE], [RENTAL_PRICE], [AIR_CONDITION], [CD_PLAYER], [RADIO], [AUX], [USB], [TAX_EXPIRY_DATE], [CAR_STATUS], [LOCATION_ID], [CREATED_DATE]) VALUES (28, N'ญก4467', N'นนทบุรี', N'EVAR', N'Van', 8, 25, N'Silver', N'2010', N'2010', N'3000', N'Automatic', N'Diesel', 4, N'150000', 5, 7, 2, 2, N'Bridgestone ECOPIA 245/70 R16 ', N'Yuasa ', N'N50ZL', CAST(N'2017-01-07' AS Date), CAST(1200.00 AS Decimal(10, 2)), 1, 1, 1, 0, 1, CAST(N'2018-12-12' AS Date), 1, 5, CAST(N'2018-06-12 18:19:04.133' AS DateTime))
GO
INSERT [dbo].[DPU_MST_CAR] ([CAR_ID], [LICENSE_NO], [LICENSE_PROVINCE], [SIPP_CODE], [CAR_CATEGORIES_NAME], [CAR_MAKE_ID], [CAR_MODEL_ID], [CAR_COLOR], [REGISTER_YEAR], [MANUFACTURE_YEAR], [ENGINE_SIZE], [TRANSMISSION], [FUEL_TYPE], [FUEL_LEVEL], [MILEAGE], [NO_OF_DOORS], [NO_OF_SEAT], [NO_OF_SMALL_BAG], [NO_OF_LARGE_BAG], [TIRE_DESCRIPTION], [BATTERY_MAKE], [BATTERY_MODEL], [BATTERY_START_DATE], [RENTAL_PRICE], [AIR_CONDITION], [CD_PLAYER], [RADIO], [AUX], [USB], [TAX_EXPIRY_DATE], [CAR_STATUS], [LOCATION_ID], [CREATED_DATE]) VALUES (29, N'ฆฑ4332', N'ปทุมธานี', N'MCAR', N'Hatchback', 2, 12, N'White', N'2013', N'2012', N'1200', N'Automatic', N'Gasohal E20', 4, N'35800', 4, 5, 2, 2, N'Hankook R-S3 195/50 R15', N'3K', N'NS60R', CAST(N'2017-03-03' AS Date), CAST(499.00 AS Decimal(10, 2)), 1, 1, 1, 1, 1, CAST(N'2019-01-01' AS Date), 1, 5, CAST(N'2018-06-12 18:19:04.133' AS DateTime))
GO
INSERT [dbo].[DPU_MST_CAR] ([CAR_ID], [LICENSE_NO], [LICENSE_PROVINCE], [SIPP_CODE], [CAR_CATEGORIES_NAME], [CAR_MAKE_ID], [CAR_MODEL_ID], [CAR_COLOR], [REGISTER_YEAR], [MANUFACTURE_YEAR], [ENGINE_SIZE], [TRANSMISSION], [FUEL_TYPE], [FUEL_LEVEL], [MILEAGE], [NO_OF_DOORS], [NO_OF_SEAT], [NO_OF_SMALL_BAG], [NO_OF_LARGE_BAG], [TIRE_DESCRIPTION], [BATTERY_MAKE], [BATTERY_MODEL], [BATTERY_START_DATE], [RENTAL_PRICE], [AIR_CONDITION], [CD_PLAYER], [RADIO], [AUX], [USB], [TAX_EXPIRY_DATE], [CAR_STATUS], [LOCATION_ID], [CREATED_DATE]) VALUES (30, N'ฎต1110', N'ปทุมธานี', N'FFAR', N'SUV', 7, 23, N'White', N'2010', N'2009', N'3000', N'Automatic', N'Gasoline 95', 4, N'100000', 5, 7, 2, 2, N'Goodyear 255/50R19', N'3K', N'DIN100', CAST(N'2018-01-03' AS Date), CAST(2200.00 AS Decimal(10, 2)), 1, 1, 1, 0, 1, CAST(N'2019-01-01' AS Date), 1, 5, CAST(N'2018-06-12 18:19:04.133' AS DateTime))
GO
INSERT [dbo].[DPU_MST_CAR] ([CAR_ID], [LICENSE_NO], [LICENSE_PROVINCE], [SIPP_CODE], [CAR_CATEGORIES_NAME], [CAR_MAKE_ID], [CAR_MODEL_ID], [CAR_COLOR], [REGISTER_YEAR], [MANUFACTURE_YEAR], [ENGINE_SIZE], [TRANSMISSION], [FUEL_TYPE], [FUEL_LEVEL], [MILEAGE], [NO_OF_DOORS], [NO_OF_SEAT], [NO_OF_SMALL_BAG], [NO_OF_LARGE_BAG], [TIRE_DESCRIPTION], [BATTERY_MAKE], [BATTERY_MODEL], [BATTERY_START_DATE], [RENTAL_PRICE], [AIR_CONDITION], [CD_PLAYER], [RADIO], [AUX], [USB], [TAX_EXPIRY_DATE], [CAR_STATUS], [LOCATION_ID], [CREATED_DATE]) VALUES (31, N'2กก4422', N'ปทุมธานี', N'FFAR', N'SUV', 7, 24, N'Blue', N'2013', N'2011', N'2000', N'Automatic', N'Diesel', 4, N'87500', 5, 7, 2, 2, N'Goodyear 245/50R18', N'Panasonic', N'DIN100', CAST(N'2017-07-08' AS Date), CAST(1800.00 AS Decimal(10, 2)), 1, 1, 1, 1, 1, CAST(N'2018-11-21' AS Date), 1, 5, CAST(N'2018-06-12 18:19:04.133' AS DateTime))
GO
INSERT [dbo].[DPU_MST_CAR] ([CAR_ID], [LICENSE_NO], [LICENSE_PROVINCE], [SIPP_CODE], [CAR_CATEGORIES_NAME], [CAR_MAKE_ID], [CAR_MODEL_ID], [CAR_COLOR], [REGISTER_YEAR], [MANUFACTURE_YEAR], [ENGINE_SIZE], [TRANSMISSION], [FUEL_TYPE], [FUEL_LEVEL], [MILEAGE], [NO_OF_DOORS], [NO_OF_SEAT], [NO_OF_SMALL_BAG], [NO_OF_LARGE_BAG], [TIRE_DESCRIPTION], [BATTERY_MAKE], [BATTERY_MODEL], [BATTERY_START_DATE], [RENTAL_PRICE], [AIR_CONDITION], [CD_PLAYER], [RADIO], [AUX], [USB], [TAX_EXPIRY_DATE], [CAR_STATUS], [LOCATION_ID], [CREATED_DATE]) VALUES (32, N'ฆศ3939', N'ปทุมธานี', N'MCAR', N'Hatchback', 6, 21, N'White', N'2012', N'2012', N'1500', N'Automatic', N'Gasohal 91', 4, N'7500', 4, 5, 2, 2, N'Goodyear 185/60 R15', N'GS', N'N50ZL', CAST(N'2018-03-01' AS Date), CAST(675.00 AS Decimal(10, 2)), 1, 1, 1, 1, 1, CAST(N'2019-01-01' AS Date), 1, 5, CAST(N'2018-06-12 18:19:04.133' AS DateTime))
GO
INSERT [dbo].[DPU_MST_CAR] ([CAR_ID], [LICENSE_NO], [LICENSE_PROVINCE], [SIPP_CODE], [CAR_CATEGORIES_NAME], [CAR_MAKE_ID], [CAR_MODEL_ID], [CAR_COLOR], [REGISTER_YEAR], [MANUFACTURE_YEAR], [ENGINE_SIZE], [TRANSMISSION], [FUEL_TYPE], [FUEL_LEVEL], [MILEAGE], [NO_OF_DOORS], [NO_OF_SEAT], [NO_OF_SMALL_BAG], [NO_OF_LARGE_BAG], [TIRE_DESCRIPTION], [BATTERY_MAKE], [BATTERY_MODEL], [BATTERY_START_DATE], [RENTAL_PRICE], [AIR_CONDITION], [CD_PLAYER], [RADIO], [AUX], [USB], [TAX_EXPIRY_DATE], [CAR_STATUS], [LOCATION_ID], [CREATED_DATE]) VALUES (33, N'กว6868', N'ปทุมธานี', N'MCAR', N'Hatchback', 6, 21, N'gray', N'2011', N'2011', N'1500', N'Automatic', N'Gasohal 91', 4, N'77500', 4, 5, 2, 2, N'Goodyear 185/60 R15', N'3K', N'N50ZL', CAST(N'2017-08-12' AS Date), CAST(689.00 AS Decimal(10, 2)), 1, 1, 1, 1, 1, CAST(N'2018-11-21' AS Date), 1, 5, CAST(N'2018-06-12 18:19:04.133' AS DateTime))
GO
INSERT [dbo].[DPU_MST_CAR] ([CAR_ID], [LICENSE_NO], [LICENSE_PROVINCE], [SIPP_CODE], [CAR_CATEGORIES_NAME], [CAR_MAKE_ID], [CAR_MODEL_ID], [CAR_COLOR], [REGISTER_YEAR], [MANUFACTURE_YEAR], [ENGINE_SIZE], [TRANSMISSION], [FUEL_TYPE], [FUEL_LEVEL], [MILEAGE], [NO_OF_DOORS], [NO_OF_SEAT], [NO_OF_SMALL_BAG], [NO_OF_LARGE_BAG], [TIRE_DESCRIPTION], [BATTERY_MAKE], [BATTERY_MODEL], [BATTERY_START_DATE], [RENTAL_PRICE], [AIR_CONDITION], [CD_PLAYER], [RADIO], [AUX], [USB], [TAX_EXPIRY_DATE], [CAR_STATUS], [LOCATION_ID], [CREATED_DATE]) VALUES (34, N'กจ7878', N'ปทุมธานี', N'MCAR', N'Hatchback', 6, 21, N'blue', N'2015', N'2015', N'1500', N'Automatic', N'Gasohal 91', 4, N'50000', 4, 5, 2, 2, N'Goodyear 185/60 R15', N'Panasonic', N'75D23L-MF', CAST(N'2018-01-04' AS Date), CAST(679.00 AS Decimal(10, 2)), 1, 1, 1, 1, 1, CAST(N'2019-01-01' AS Date), 1, 5, CAST(N'2018-06-12 18:19:04.133' AS DateTime))
GO
INSERT [dbo].[DPU_MST_CAR] ([CAR_ID], [LICENSE_NO], [LICENSE_PROVINCE], [SIPP_CODE], [CAR_CATEGORIES_NAME], [CAR_MAKE_ID], [CAR_MODEL_ID], [CAR_COLOR], [REGISTER_YEAR], [MANUFACTURE_YEAR], [ENGINE_SIZE], [TRANSMISSION], [FUEL_TYPE], [FUEL_LEVEL], [MILEAGE], [NO_OF_DOORS], [NO_OF_SEAT], [NO_OF_SMALL_BAG], [NO_OF_LARGE_BAG], [TIRE_DESCRIPTION], [BATTERY_MAKE], [BATTERY_MODEL], [BATTERY_START_DATE], [RENTAL_PRICE], [AIR_CONDITION], [CD_PLAYER], [RADIO], [AUX], [USB], [TAX_EXPIRY_DATE], [CAR_STATUS], [LOCATION_ID], [CREATED_DATE]) VALUES (35, N'1กม2010', N'ปทุมธานี', N'FFAR', N'SUV', 6, 22, N'White', N'2014', N'2014', N'1500', N'Automatic', N'Gasohal 95', 4, N'45000', 5, 7, 2, 2, N'Goodyear 205/50 R17', N'GS', N'N50ZL', CAST(N'2018-03-01' AS Date), CAST(899.00 AS Decimal(10, 2)), 1, 1, 1, 1, 1, CAST(N'2018-11-10' AS Date), 1, 5, CAST(N'2018-06-12 18:19:04.133' AS DateTime))
GO
INSERT [dbo].[DPU_MST_CAR] ([CAR_ID], [LICENSE_NO], [LICENSE_PROVINCE], [SIPP_CODE], [CAR_CATEGORIES_NAME], [CAR_MAKE_ID], [CAR_MODEL_ID], [CAR_COLOR], [REGISTER_YEAR], [MANUFACTURE_YEAR], [ENGINE_SIZE], [TRANSMISSION], [FUEL_TYPE], [FUEL_LEVEL], [MILEAGE], [NO_OF_DOORS], [NO_OF_SEAT], [NO_OF_SMALL_BAG], [NO_OF_LARGE_BAG], [TIRE_DESCRIPTION], [BATTERY_MAKE], [BATTERY_MODEL], [BATTERY_START_DATE], [RENTAL_PRICE], [AIR_CONDITION], [CD_PLAYER], [RADIO], [AUX], [USB], [TAX_EXPIRY_DATE], [CAR_STATUS], [LOCATION_ID], [CREATED_DATE]) VALUES (36, N'ชช7009', N'ปทุมธานี', N'EVAR', N'Van', 1, 5, N'Black', N'2010', N'2010', N'2800', N'Automatic', N'LPG', 4, N'106000', 5, 7, 2, 2, N'Michelin  PRIMACY SUV 265/65 R17', N'GS', N'65D23L-DL', CAST(N'2018-05-05' AS Date), CAST(1995.00 AS Decimal(10, 2)), 1, 1, 1, 1, 1, CAST(N'2018-11-21' AS Date), 1, 5, CAST(N'2018-06-12 18:19:04.133' AS DateTime))
GO
INSERT [dbo].[DPU_MST_CAR] ([CAR_ID], [LICENSE_NO], [LICENSE_PROVINCE], [SIPP_CODE], [CAR_CATEGORIES_NAME], [CAR_MAKE_ID], [CAR_MODEL_ID], [CAR_COLOR], [REGISTER_YEAR], [MANUFACTURE_YEAR], [ENGINE_SIZE], [TRANSMISSION], [FUEL_TYPE], [FUEL_LEVEL], [MILEAGE], [NO_OF_DOORS], [NO_OF_SEAT], [NO_OF_SMALL_BAG], [NO_OF_LARGE_BAG], [TIRE_DESCRIPTION], [BATTERY_MAKE], [BATTERY_MODEL], [BATTERY_START_DATE], [RENTAL_PRICE], [AIR_CONDITION], [CD_PLAYER], [RADIO], [AUX], [USB], [TAX_EXPIRY_DATE], [CAR_STATUS], [LOCATION_ID], [CREATED_DATE]) VALUES (37, N'ขต7005', N'ปทุมธานี', N'MCAR', N'Hatchback', 2, 6, N'Silver', N'2004', N'2004', N'1500', N'Automatic', N'Gasohal 91', 4, N'140000', 4, 5, 2, 2, N'Bridgestone ECOPIA 175/65 R15 ', N'GS', N'46B24R-MF', CAST(N'2018-01-01' AS Date), CAST(659.00 AS Decimal(10, 2)), 1, 1, 1, 1, 1, CAST(N'2018-11-21' AS Date), 1, 5, CAST(N'2018-06-12 18:19:04.133' AS DateTime))
GO
INSERT [dbo].[DPU_MST_CAR] ([CAR_ID], [LICENSE_NO], [LICENSE_PROVINCE], [SIPP_CODE], [CAR_CATEGORIES_NAME], [CAR_MAKE_ID], [CAR_MODEL_ID], [CAR_COLOR], [REGISTER_YEAR], [MANUFACTURE_YEAR], [ENGINE_SIZE], [TRANSMISSION], [FUEL_TYPE], [FUEL_LEVEL], [MILEAGE], [NO_OF_DOORS], [NO_OF_SEAT], [NO_OF_SMALL_BAG], [NO_OF_LARGE_BAG], [TIRE_DESCRIPTION], [BATTERY_MAKE], [BATTERY_MODEL], [BATTERY_START_DATE], [RENTAL_PRICE], [AIR_CONDITION], [CD_PLAYER], [RADIO], [AUX], [USB], [TAX_EXPIRY_DATE], [CAR_STATUS], [LOCATION_ID], [CREATED_DATE]) VALUES (38, N'3กภ7001', N'ปทุมธานี', N'MCAR', N'Hatchback', 6, 21, N'Silver', N'2014', N'2014', N'1500', N'Automatic', N'Gasohal 91', 4, N'37500', 4, 5, 2, 2, N'Goodyear 185/60 R15', N'Yuasa ', N'NS60L', CAST(N'2018-01-01' AS Date), CAST(699.00 AS Decimal(10, 2)), 1, 1, 1, 1, 1, CAST(N'2019-01-01' AS Date), 1, 5, CAST(N'2018-06-12 18:19:04.133' AS DateTime))
GO
INSERT [dbo].[DPU_MST_CAR] ([CAR_ID], [LICENSE_NO], [LICENSE_PROVINCE], [SIPP_CODE], [CAR_CATEGORIES_NAME], [CAR_MAKE_ID], [CAR_MODEL_ID], [CAR_COLOR], [REGISTER_YEAR], [MANUFACTURE_YEAR], [ENGINE_SIZE], [TRANSMISSION], [FUEL_TYPE], [FUEL_LEVEL], [MILEAGE], [NO_OF_DOORS], [NO_OF_SEAT], [NO_OF_SMALL_BAG], [NO_OF_LARGE_BAG], [TIRE_DESCRIPTION], [BATTERY_MAKE], [BATTERY_MODEL], [BATTERY_START_DATE], [RENTAL_PRICE], [AIR_CONDITION], [CD_PLAYER], [RADIO], [AUX], [USB], [TAX_EXPIRY_DATE], [CAR_STATUS], [LOCATION_ID], [CREATED_DATE]) VALUES (39, N'5ก345', N'ปทุมธานี', N'MCAR', N'Hatchback', 3, 15, N'White', N'2014', N'2014', N'1200', N'Automatic', N'Gasohal 91', 4, N'48000', 4, 5, 2, 2, N'TOYO 215/55 R17', N'GS', N'46B24L-MF', CAST(N'2018-01-01' AS Date), CAST(599.00 AS Decimal(10, 2)), 1, 1, 1, 0, 1, CAST(N'2018-11-10' AS Date), 1, 5, CAST(N'2018-06-12 18:19:04.133' AS DateTime))
GO
INSERT [dbo].[DPU_MST_CAR] ([CAR_ID], [LICENSE_NO], [LICENSE_PROVINCE], [SIPP_CODE], [CAR_CATEGORIES_NAME], [CAR_MAKE_ID], [CAR_MODEL_ID], [CAR_COLOR], [REGISTER_YEAR], [MANUFACTURE_YEAR], [ENGINE_SIZE], [TRANSMISSION], [FUEL_TYPE], [FUEL_LEVEL], [MILEAGE], [NO_OF_DOORS], [NO_OF_SEAT], [NO_OF_SMALL_BAG], [NO_OF_LARGE_BAG], [TIRE_DESCRIPTION], [BATTERY_MAKE], [BATTERY_MODEL], [BATTERY_START_DATE], [RENTAL_PRICE], [AIR_CONDITION], [CD_PLAYER], [RADIO], [AUX], [USB], [TAX_EXPIRY_DATE], [CAR_STATUS], [LOCATION_ID], [CREATED_DATE]) VALUES (40, N'มม360', N'ปทุมธานี', N'MCAR', N'Hatchback', 2, 6, N'Yellow', N'2010', N'2010', N'1500', N'Automatic', N'Gasohal 91', 4, N'130000', 4, 5, 2, 2, N'Bridgestone ECOPIA 175/65 R15 ', N'GS', N'46B24R-MF', CAST(N'2018-01-01' AS Date), CAST(650.00 AS Decimal(10, 2)), 1, 1, 1, 1, 1, CAST(N'2018-12-12' AS Date), 1, 5, CAST(N'2018-06-12 18:19:04.133' AS DateTime))
GO
INSERT [dbo].[DPU_MST_CAR] ([CAR_ID], [LICENSE_NO], [LICENSE_PROVINCE], [SIPP_CODE], [CAR_CATEGORIES_NAME], [CAR_MAKE_ID], [CAR_MODEL_ID], [CAR_COLOR], [REGISTER_YEAR], [MANUFACTURE_YEAR], [ENGINE_SIZE], [TRANSMISSION], [FUEL_TYPE], [FUEL_LEVEL], [MILEAGE], [NO_OF_DOORS], [NO_OF_SEAT], [NO_OF_SMALL_BAG], [NO_OF_LARGE_BAG], [TIRE_DESCRIPTION], [BATTERY_MAKE], [BATTERY_MODEL], [BATTERY_START_DATE], [RENTAL_PRICE], [AIR_CONDITION], [CD_PLAYER], [RADIO], [AUX], [USB], [TAX_EXPIRY_DATE], [CAR_STATUS], [LOCATION_ID], [CREATED_DATE]) VALUES (41, N'ญช2001', N'ปทุมธานี', N'EVAR', N'Van', 1, 5, N'White', N'2011', N'2011', N'3000', N'Automatic', N'Diesel', 4, N'79300', 5, 7, 2, 2, N'Michelin  PRIMACY SUV 265/65 R17', N'Yuasa ', N'N50ZL', CAST(N'2018-05-05' AS Date), CAST(2000.00 AS Decimal(10, 2)), 1, 1, 1, 1, 1, CAST(N'2019-01-01' AS Date), 1, 5, CAST(N'2018-06-12 18:19:04.133' AS DateTime))
GO
INSERT [dbo].[DPU_MST_CAR] ([CAR_ID], [LICENSE_NO], [LICENSE_PROVINCE], [SIPP_CODE], [CAR_CATEGORIES_NAME], [CAR_MAKE_ID], [CAR_MODEL_ID], [CAR_COLOR], [REGISTER_YEAR], [MANUFACTURE_YEAR], [ENGINE_SIZE], [TRANSMISSION], [FUEL_TYPE], [FUEL_LEVEL], [MILEAGE], [NO_OF_DOORS], [NO_OF_SEAT], [NO_OF_SMALL_BAG], [NO_OF_LARGE_BAG], [TIRE_DESCRIPTION], [BATTERY_MAKE], [BATTERY_MODEL], [BATTERY_START_DATE], [RENTAL_PRICE], [AIR_CONDITION], [CD_PLAYER], [RADIO], [AUX], [USB], [TAX_EXPIRY_DATE], [CAR_STATUS], [LOCATION_ID], [CREATED_DATE]) VALUES (42, N'ฌผ0110', N'สมุทรปราการ', N'MCAR', N'Hatchback', 1, 1, N'Black', N'2008', N'2008', N'1500', N'Automatic', N'Gasohal E20', 4, N'150000', 4, 5, 2, 2, N'Goodyear 175/65R15', N'Bosch ', N'65B24L-MF', CAST(N'2017-08-08' AS Date), CAST(590.00 AS Decimal(10, 2)), 1, 1, 1, 1, 1, CAST(N'2018-11-10' AS Date), 1, 4, CAST(N'2018-06-12 18:19:04.133' AS DateTime))
GO
INSERT [dbo].[DPU_MST_CAR] ([CAR_ID], [LICENSE_NO], [LICENSE_PROVINCE], [SIPP_CODE], [CAR_CATEGORIES_NAME], [CAR_MAKE_ID], [CAR_MODEL_ID], [CAR_COLOR], [REGISTER_YEAR], [MANUFACTURE_YEAR], [ENGINE_SIZE], [TRANSMISSION], [FUEL_TYPE], [FUEL_LEVEL], [MILEAGE], [NO_OF_DOORS], [NO_OF_SEAT], [NO_OF_SMALL_BAG], [NO_OF_LARGE_BAG], [TIRE_DESCRIPTION], [BATTERY_MAKE], [BATTERY_MODEL], [BATTERY_START_DATE], [RENTAL_PRICE], [AIR_CONDITION], [CD_PLAYER], [RADIO], [AUX], [USB], [TAX_EXPIRY_DATE], [CAR_STATUS], [LOCATION_ID], [CREATED_DATE]) VALUES (43, N'สฬ001', N'สมุทรปราการ', N'MCAR', N'Hatchback', 2, 6, N'White', N'2007', N'2007', N'1500', N'Automatic', N'Gasohal 91', 4, N'120000', 4, 5, 2, 2, N'Michelin  ENERGY 175/65 R15 ', N'3K', N'NS60R', CAST(N'2018-01-01' AS Date), CAST(650.00 AS Decimal(10, 2)), 1, 1, 1, 1, 1, CAST(N'2018-09-09' AS Date), 1, 4, CAST(N'2018-06-12 18:19:04.133' AS DateTime))
GO
INSERT [dbo].[DPU_MST_CAR] ([CAR_ID], [LICENSE_NO], [LICENSE_PROVINCE], [SIPP_CODE], [CAR_CATEGORIES_NAME], [CAR_MAKE_ID], [CAR_MODEL_ID], [CAR_COLOR], [REGISTER_YEAR], [MANUFACTURE_YEAR], [ENGINE_SIZE], [TRANSMISSION], [FUEL_TYPE], [FUEL_LEVEL], [MILEAGE], [NO_OF_DOORS], [NO_OF_SEAT], [NO_OF_SMALL_BAG], [NO_OF_LARGE_BAG], [TIRE_DESCRIPTION], [BATTERY_MAKE], [BATTERY_MODEL], [BATTERY_START_DATE], [RENTAL_PRICE], [AIR_CONDITION], [CD_PLAYER], [RADIO], [AUX], [USB], [TAX_EXPIRY_DATE], [CAR_STATUS], [LOCATION_ID], [CREATED_DATE]) VALUES (44, N'ฆง4901', N'สมุทรปราการ', N'MCAR', N'Hatchback', 3, 15, N'White', N'2011', N'2011', N'1200', N'Automatic', N'Gasohal 91', 4, N'80000', 4, 5, 2, 2, N'TOYO 215/55 R17', N'Yuasa ', N'N50ZR', CAST(N'2018-01-01' AS Date), CAST(599.00 AS Decimal(10, 2)), 1, 1, 1, 1, 1, CAST(N'2018-11-21' AS Date), 1, 4, CAST(N'2018-06-12 18:19:04.133' AS DateTime))
GO
INSERT [dbo].[DPU_MST_CAR] ([CAR_ID], [LICENSE_NO], [LICENSE_PROVINCE], [SIPP_CODE], [CAR_CATEGORIES_NAME], [CAR_MAKE_ID], [CAR_MODEL_ID], [CAR_COLOR], [REGISTER_YEAR], [MANUFACTURE_YEAR], [ENGINE_SIZE], [TRANSMISSION], [FUEL_TYPE], [FUEL_LEVEL], [MILEAGE], [NO_OF_DOORS], [NO_OF_SEAT], [NO_OF_SMALL_BAG], [NO_OF_LARGE_BAG], [TIRE_DESCRIPTION], [BATTERY_MAKE], [BATTERY_MODEL], [BATTERY_START_DATE], [RENTAL_PRICE], [AIR_CONDITION], [CD_PLAYER], [RADIO], [AUX], [USB], [TAX_EXPIRY_DATE], [CAR_STATUS], [LOCATION_ID], [CREATED_DATE]) VALUES (45, N'กย9009', N'สมุทรปราการ', N'MCAR', N'Hatchback', 2, 6, N'Silver', N'2004', N'2004', N'1500', N'Automatic', N'Gasohal 91', 4, N'12000', 5, 5, 2, 2, N'Michelin  ENERGY 175/65 R15 ', N'GS', N'46B24R-MF', CAST(N'2018-01-01' AS Date), CAST(699.00 AS Decimal(10, 2)), 1, 1, 1, 1, 1, CAST(N'2019-01-01' AS Date), 1, 4, CAST(N'2018-06-12 18:19:04.133' AS DateTime))
GO
INSERT [dbo].[DPU_MST_CAR] ([CAR_ID], [LICENSE_NO], [LICENSE_PROVINCE], [SIPP_CODE], [CAR_CATEGORIES_NAME], [CAR_MAKE_ID], [CAR_MODEL_ID], [CAR_COLOR], [REGISTER_YEAR], [MANUFACTURE_YEAR], [ENGINE_SIZE], [TRANSMISSION], [FUEL_TYPE], [FUEL_LEVEL], [MILEAGE], [NO_OF_DOORS], [NO_OF_SEAT], [NO_OF_SMALL_BAG], [NO_OF_LARGE_BAG], [TIRE_DESCRIPTION], [BATTERY_MAKE], [BATTERY_MODEL], [BATTERY_START_DATE], [RENTAL_PRICE], [AIR_CONDITION], [CD_PLAYER], [RADIO], [AUX], [USB], [TAX_EXPIRY_DATE], [CAR_STATUS], [LOCATION_ID], [CREATED_DATE]) VALUES (46, N'ญภ1102', N'สมุทรปราการ', N'MCAR', N'Hatchback', 5, 18, N'White', N'2011', N'2011', N'1500', N'Automatic', N'Gasohal 91', 4, N'38000', 5, 5, 2, 2, N'Michelin ENERGY 185/55 R15', N'GS', N'Q85', CAST(N'2017-01-08' AS Date), CAST(599.00 AS Decimal(10, 2)), 1, 1, 1, 1, 1, CAST(N'2018-12-12' AS Date), 1, 4, CAST(N'2018-06-12 18:19:04.133' AS DateTime))
GO
INSERT [dbo].[DPU_MST_CAR] ([CAR_ID], [LICENSE_NO], [LICENSE_PROVINCE], [SIPP_CODE], [CAR_CATEGORIES_NAME], [CAR_MAKE_ID], [CAR_MODEL_ID], [CAR_COLOR], [REGISTER_YEAR], [MANUFACTURE_YEAR], [ENGINE_SIZE], [TRANSMISSION], [FUEL_TYPE], [FUEL_LEVEL], [MILEAGE], [NO_OF_DOORS], [NO_OF_SEAT], [NO_OF_SMALL_BAG], [NO_OF_LARGE_BAG], [TIRE_DESCRIPTION], [BATTERY_MAKE], [BATTERY_MODEL], [BATTERY_START_DATE], [RENTAL_PRICE], [AIR_CONDITION], [CD_PLAYER], [RADIO], [AUX], [USB], [TAX_EXPIRY_DATE], [CAR_STATUS], [LOCATION_ID], [CREATED_DATE]) VALUES (47, N'ชม1101', N'สมุทรปราการ', N'MCAR', N'Hatchback', 2, 6, N'White', N'2007', N'2007', N'1500', N'Automatic', N'Gasohal 91', 4, N'167000', 5, 5, 2, 2, N'Michelin  ENERGY 175/65 R15 ', N'3K', N'NS60R', CAST(N'2018-01-01' AS Date), CAST(650.00 AS Decimal(10, 2)), 1, 1, 1, 1, 1, CAST(N'2019-01-01' AS Date), 1, 4, CAST(N'2018-06-12 18:19:04.133' AS DateTime))
GO
INSERT [dbo].[DPU_MST_CAR] ([CAR_ID], [LICENSE_NO], [LICENSE_PROVINCE], [SIPP_CODE], [CAR_CATEGORIES_NAME], [CAR_MAKE_ID], [CAR_MODEL_ID], [CAR_COLOR], [REGISTER_YEAR], [MANUFACTURE_YEAR], [ENGINE_SIZE], [TRANSMISSION], [FUEL_TYPE], [FUEL_LEVEL], [MILEAGE], [NO_OF_DOORS], [NO_OF_SEAT], [NO_OF_SMALL_BAG], [NO_OF_LARGE_BAG], [TIRE_DESCRIPTION], [BATTERY_MAKE], [BATTERY_MODEL], [BATTERY_START_DATE], [RENTAL_PRICE], [AIR_CONDITION], [CD_PLAYER], [RADIO], [AUX], [USB], [TAX_EXPIRY_DATE], [CAR_STATUS], [LOCATION_ID], [CREATED_DATE]) VALUES (48, N'1กว4201', N'สมุทรปราการ', N'MCAR', N'Hatchback', 2, 6, N'Silver', N'2014', N'2014', N'1500', N'Automatic', N'Gasohal 91', 4, N'30753', 5, 5, 2, 2, N'Michelin  ENERGY 175/65 R15 ', N'GS', N'46B24R-MF', CAST(N'2018-01-01' AS Date), CAST(699.00 AS Decimal(10, 2)), 1, 1, 1, 1, 1, CAST(N'2018-11-21' AS Date), 1, 4, CAST(N'2018-06-12 18:19:04.133' AS DateTime))
GO
INSERT [dbo].[DPU_MST_CAR] ([CAR_ID], [LICENSE_NO], [LICENSE_PROVINCE], [SIPP_CODE], [CAR_CATEGORIES_NAME], [CAR_MAKE_ID], [CAR_MODEL_ID], [CAR_COLOR], [REGISTER_YEAR], [MANUFACTURE_YEAR], [ENGINE_SIZE], [TRANSMISSION], [FUEL_TYPE], [FUEL_LEVEL], [MILEAGE], [NO_OF_DOORS], [NO_OF_SEAT], [NO_OF_SMALL_BAG], [NO_OF_LARGE_BAG], [TIRE_DESCRIPTION], [BATTERY_MAKE], [BATTERY_MODEL], [BATTERY_START_DATE], [RENTAL_PRICE], [AIR_CONDITION], [CD_PLAYER], [RADIO], [AUX], [USB], [TAX_EXPIRY_DATE], [CAR_STATUS], [LOCATION_ID], [CREATED_DATE]) VALUES (49, N'นน2474', N'สมุทรปราการ', N'MCAR', N'Hatchback', 5, 19, N'black', N'2008', N'2008', N'2000', N'Automatic', N'Gasohal 95', 4, N'150000', 5, 5, 2, 2, N'Micheline PILOT 205/50 R17', N'Bosch', N'80D23L-MF', NULL, CAST(799.00 AS Decimal(10, 2)), 1, 1, 1, 1, 1, CAST(N'2019-01-01' AS Date), 1, 4, CAST(N'2018-06-12 18:19:04.133' AS DateTime))
GO
INSERT [dbo].[DPU_MST_CAR] ([CAR_ID], [LICENSE_NO], [LICENSE_PROVINCE], [SIPP_CODE], [CAR_CATEGORIES_NAME], [CAR_MAKE_ID], [CAR_MODEL_ID], [CAR_COLOR], [REGISTER_YEAR], [MANUFACTURE_YEAR], [ENGINE_SIZE], [TRANSMISSION], [FUEL_TYPE], [FUEL_LEVEL], [MILEAGE], [NO_OF_DOORS], [NO_OF_SEAT], [NO_OF_SMALL_BAG], [NO_OF_LARGE_BAG], [TIRE_DESCRIPTION], [BATTERY_MAKE], [BATTERY_MODEL], [BATTERY_START_DATE], [RENTAL_PRICE], [AIR_CONDITION], [CD_PLAYER], [RADIO], [AUX], [USB], [TAX_EXPIRY_DATE], [CAR_STATUS], [LOCATION_ID], [CREATED_DATE]) VALUES (50, N'กล8004', N'สมุทรปราการ', N'MCAR', N'Hatchback', 2, 8, N'black', N'2015', N'2015', N'1800', N'Automatic', N'Gasohal 95', 4, N'41555', 5, 5, 2, 2, N'Goodyear 215/55 R17', N'3K', N'NS60R', CAST(N'2018-01-01' AS Date), CAST(1000.00 AS Decimal(10, 2)), 1, 1, 1, 1, 1, CAST(N'2018-11-21' AS Date), 1, 4, CAST(N'2018-06-12 18:19:04.133' AS DateTime))
GO
INSERT [dbo].[DPU_MST_CAR] ([CAR_ID], [LICENSE_NO], [LICENSE_PROVINCE], [SIPP_CODE], [CAR_CATEGORIES_NAME], [CAR_MAKE_ID], [CAR_MODEL_ID], [CAR_COLOR], [REGISTER_YEAR], [MANUFACTURE_YEAR], [ENGINE_SIZE], [TRANSMISSION], [FUEL_TYPE], [FUEL_LEVEL], [MILEAGE], [NO_OF_DOORS], [NO_OF_SEAT], [NO_OF_SMALL_BAG], [NO_OF_LARGE_BAG], [TIRE_DESCRIPTION], [BATTERY_MAKE], [BATTERY_MODEL], [BATTERY_START_DATE], [RENTAL_PRICE], [AIR_CONDITION], [CD_PLAYER], [RADIO], [AUX], [USB], [TAX_EXPIRY_DATE], [CAR_STATUS], [LOCATION_ID], [CREATED_DATE]) VALUES (51, N'5กต2116', N'สมุทรปราการ', N'MCAR', N'Hatchback', 3, 15, N'White', N'2015', N'2015', N'1200', N'Automatic', N'Gasohal 91', 4, N'25828', 5, 5, 2, 2, N'TOYO 215/55 R17', N'Yuasa ', N'50B24L-MF', CAST(N'2018-01-01' AS Date), CAST(599.00 AS Decimal(10, 2)), 1, 1, 1, 1, 1, CAST(N'2019-01-01' AS Date), 1, 4, CAST(N'2018-06-12 18:19:04.133' AS DateTime))
GO
INSERT [dbo].[DPU_MST_CAR] ([CAR_ID], [LICENSE_NO], [LICENSE_PROVINCE], [SIPP_CODE], [CAR_CATEGORIES_NAME], [CAR_MAKE_ID], [CAR_MODEL_ID], [CAR_COLOR], [REGISTER_YEAR], [MANUFACTURE_YEAR], [ENGINE_SIZE], [TRANSMISSION], [FUEL_TYPE], [FUEL_LEVEL], [MILEAGE], [NO_OF_DOORS], [NO_OF_SEAT], [NO_OF_SMALL_BAG], [NO_OF_LARGE_BAG], [TIRE_DESCRIPTION], [BATTERY_MAKE], [BATTERY_MODEL], [BATTERY_START_DATE], [RENTAL_PRICE], [AIR_CONDITION], [CD_PLAYER], [RADIO], [AUX], [USB], [TAX_EXPIRY_DATE], [CAR_STATUS], [LOCATION_ID], [CREATED_DATE]) VALUES (52, N'2กค8004', N'สมุทรปราการ', N'EVAR', N'Van', 2, 11, N'White', N'2012', N'2012', N'2000', N'Automatic', N'Gasoline 95', 4, N'250000', 5, 7, 2, 2, N'Michalin  PRIMACY SUV 225/65 R17', N'3K', N'NS40ZL', CAST(N'2017-02-01' AS Date), CAST(1750.00 AS Decimal(10, 2)), 1, 1, 1, 0, 1, CAST(N'2018-12-12' AS Date), 1, 4, CAST(N'2018-06-12 18:19:04.133' AS DateTime))
GO
INSERT [dbo].[DPU_MST_CAR] ([CAR_ID], [LICENSE_NO], [LICENSE_PROVINCE], [SIPP_CODE], [CAR_CATEGORIES_NAME], [CAR_MAKE_ID], [CAR_MODEL_ID], [CAR_COLOR], [REGISTER_YEAR], [MANUFACTURE_YEAR], [ENGINE_SIZE], [TRANSMISSION], [FUEL_TYPE], [FUEL_LEVEL], [MILEAGE], [NO_OF_DOORS], [NO_OF_SEAT], [NO_OF_SMALL_BAG], [NO_OF_LARGE_BAG], [TIRE_DESCRIPTION], [BATTERY_MAKE], [BATTERY_MODEL], [BATTERY_START_DATE], [RENTAL_PRICE], [AIR_CONDITION], [CD_PLAYER], [RADIO], [AUX], [USB], [TAX_EXPIRY_DATE], [CAR_STATUS], [LOCATION_ID], [CREATED_DATE]) VALUES (53, N'กจ3333', N'กรุงเทพมหานคร', N'MCAR', N'Hatchback', 1, 1, N'Silver', N'2012', N'2012', N'1200', N'Automatic', N'Gasohal E20', 4, N'210000', 5, 5, 2, 2, N'Goodyear 175/65R15', N'Bosch ', N'65B24L-MF', CAST(N'2017-08-08' AS Date), CAST(599.00 AS Decimal(10, 2)), 1, 1, 1, 1, 1, CAST(N'2019-01-01' AS Date), 1, 3, CAST(N'2018-06-12 18:19:04.133' AS DateTime))
GO
INSERT [dbo].[DPU_MST_CAR] ([CAR_ID], [LICENSE_NO], [LICENSE_PROVINCE], [SIPP_CODE], [CAR_CATEGORIES_NAME], [CAR_MAKE_ID], [CAR_MODEL_ID], [CAR_COLOR], [REGISTER_YEAR], [MANUFACTURE_YEAR], [ENGINE_SIZE], [TRANSMISSION], [FUEL_TYPE], [FUEL_LEVEL], [MILEAGE], [NO_OF_DOORS], [NO_OF_SEAT], [NO_OF_SMALL_BAG], [NO_OF_LARGE_BAG], [TIRE_DESCRIPTION], [BATTERY_MAKE], [BATTERY_MODEL], [BATTERY_START_DATE], [RENTAL_PRICE], [AIR_CONDITION], [CD_PLAYER], [RADIO], [AUX], [USB], [TAX_EXPIRY_DATE], [CAR_STATUS], [LOCATION_ID], [CREATED_DATE]) VALUES (54, N'ขษ2000', N'กรุงเทพมหานคร', N'FFAR', N'SUV', 1, 5, N'Brown', N'2016', N'2016', N'2500', N'Automatic', N'Diesel', 4, N'150000', 5, 7, 2, 2, N'Michelin  PRIMACY SUV 265/65 R17', N'GS', N'65D23L-DL', CAST(N'2018-05-05' AS Date), CAST(1975.00 AS Decimal(10, 2)), 1, 1, 1, 1, 1, CAST(N'2018-11-21' AS Date), 1, 3, CAST(N'2018-06-12 18:19:04.133' AS DateTime))
GO
INSERT [dbo].[DPU_MST_CAR] ([CAR_ID], [LICENSE_NO], [LICENSE_PROVINCE], [SIPP_CODE], [CAR_CATEGORIES_NAME], [CAR_MAKE_ID], [CAR_MODEL_ID], [CAR_COLOR], [REGISTER_YEAR], [MANUFACTURE_YEAR], [ENGINE_SIZE], [TRANSMISSION], [FUEL_TYPE], [FUEL_LEVEL], [MILEAGE], [NO_OF_DOORS], [NO_OF_SEAT], [NO_OF_SMALL_BAG], [NO_OF_LARGE_BAG], [TIRE_DESCRIPTION], [BATTERY_MAKE], [BATTERY_MODEL], [BATTERY_START_DATE], [RENTAL_PRICE], [AIR_CONDITION], [CD_PLAYER], [RADIO], [AUX], [USB], [TAX_EXPIRY_DATE], [CAR_STATUS], [LOCATION_ID], [CREATED_DATE]) VALUES (55, N'ญย3707', N'กรุงเทพมหานคร', N'MCAR', N'Hatchback', 3, 15, N'green', N'2010', N'2010', N'1200', N'Automatic', N'Gasohal 91', 4, N'130000', 5, 5, 2, 2, N'TOYO 215/55 R17', N'GS', N'N50ZL', CAST(N'2018-01-01' AS Date), CAST(589.00 AS Decimal(10, 2)), 1, 1, 1, 1, 1, CAST(N'2019-01-01' AS Date), 1, 3, CAST(N'2018-06-12 18:19:04.133' AS DateTime))
GO
INSERT [dbo].[DPU_MST_CAR] ([CAR_ID], [LICENSE_NO], [LICENSE_PROVINCE], [SIPP_CODE], [CAR_CATEGORIES_NAME], [CAR_MAKE_ID], [CAR_MODEL_ID], [CAR_COLOR], [REGISTER_YEAR], [MANUFACTURE_YEAR], [ENGINE_SIZE], [TRANSMISSION], [FUEL_TYPE], [FUEL_LEVEL], [MILEAGE], [NO_OF_DOORS], [NO_OF_SEAT], [NO_OF_SMALL_BAG], [NO_OF_LARGE_BAG], [TIRE_DESCRIPTION], [BATTERY_MAKE], [BATTERY_MODEL], [BATTERY_START_DATE], [RENTAL_PRICE], [AIR_CONDITION], [CD_PLAYER], [RADIO], [AUX], [USB], [TAX_EXPIRY_DATE], [CAR_STATUS], [LOCATION_ID], [CREATED_DATE]) VALUES (56, N'กม1200', N'กรุงเทพมหานคร', N'MCAR', N'Hatchback', 4, 16, N'Red', N'2012', N'2012', N'1200', N'Automatic', N'Gasohal 91', 4, N'20000', 5, 5, 2, 2, N'Dunlop ENASAVE 165/65 R14', N'FB', N'M600L', CAST(N'2017-05-05' AS Date), CAST(599.00 AS Decimal(10, 2)), 1, 1, 1, 1, 1, CAST(N'2018-12-12' AS Date), 1, 3, CAST(N'2018-06-12 18:19:04.133' AS DateTime))
GO
INSERT [dbo].[DPU_MST_CAR] ([CAR_ID], [LICENSE_NO], [LICENSE_PROVINCE], [SIPP_CODE], [CAR_CATEGORIES_NAME], [CAR_MAKE_ID], [CAR_MODEL_ID], [CAR_COLOR], [REGISTER_YEAR], [MANUFACTURE_YEAR], [ENGINE_SIZE], [TRANSMISSION], [FUEL_TYPE], [FUEL_LEVEL], [MILEAGE], [NO_OF_DOORS], [NO_OF_SEAT], [NO_OF_SMALL_BAG], [NO_OF_LARGE_BAG], [TIRE_DESCRIPTION], [BATTERY_MAKE], [BATTERY_MODEL], [BATTERY_START_DATE], [RENTAL_PRICE], [AIR_CONDITION], [CD_PLAYER], [RADIO], [AUX], [USB], [TAX_EXPIRY_DATE], [CAR_STATUS], [LOCATION_ID], [CREATED_DATE]) VALUES (57, N'4กส7777', N'กรุงเทพมหานคร', N'MCAR', N'Hatchback', 2, 6, N'White', N'2016', N'2016', N'1500', N'Automatic', N'Gasohal 91', 4, N'250000', 5, 5, 2, 2, N'Michelin  ENERGY 175/65 R15 ', N'3K', N'NS60R', CAST(N'2018-01-01' AS Date), CAST(640.00 AS Decimal(10, 2)), 1, 1, 1, 1, 1, CAST(N'2018-09-09' AS Date), 1, 3, CAST(N'2018-06-12 18:19:04.133' AS DateTime))
GO
INSERT [dbo].[DPU_MST_CAR] ([CAR_ID], [LICENSE_NO], [LICENSE_PROVINCE], [SIPP_CODE], [CAR_CATEGORIES_NAME], [CAR_MAKE_ID], [CAR_MODEL_ID], [CAR_COLOR], [REGISTER_YEAR], [MANUFACTURE_YEAR], [ENGINE_SIZE], [TRANSMISSION], [FUEL_TYPE], [FUEL_LEVEL], [MILEAGE], [NO_OF_DOORS], [NO_OF_SEAT], [NO_OF_SMALL_BAG], [NO_OF_LARGE_BAG], [TIRE_DESCRIPTION], [BATTERY_MAKE], [BATTERY_MODEL], [BATTERY_START_DATE], [RENTAL_PRICE], [AIR_CONDITION], [CD_PLAYER], [RADIO], [AUX], [USB], [TAX_EXPIRY_DATE], [CAR_STATUS], [LOCATION_ID], [CREATED_DATE]) VALUES (58, N'คก2001', N'กรุงเทพมหานคร', N'FFAR', N'SUV', 1, 5, N'gold', N'2005', N'2005', N'3000', N'Automatic', N'Diesel', 4, N'73110', 5, 7, 2, 2, N'Yokohama GEOLANDAR 265/65 R17 ', N'GS', N'75D26L-MF', CAST(N'2018-05-05' AS Date), CAST(2000.00 AS Decimal(10, 2)), 1, 1, 1, 1, 1, CAST(N'2019-01-01' AS Date), 1, 3, CAST(N'2018-06-12 18:19:04.133' AS DateTime))
GO
INSERT [dbo].[DPU_MST_CAR] ([CAR_ID], [LICENSE_NO], [LICENSE_PROVINCE], [SIPP_CODE], [CAR_CATEGORIES_NAME], [CAR_MAKE_ID], [CAR_MODEL_ID], [CAR_COLOR], [REGISTER_YEAR], [MANUFACTURE_YEAR], [ENGINE_SIZE], [TRANSMISSION], [FUEL_TYPE], [FUEL_LEVEL], [MILEAGE], [NO_OF_DOORS], [NO_OF_SEAT], [NO_OF_SMALL_BAG], [NO_OF_LARGE_BAG], [TIRE_DESCRIPTION], [BATTERY_MAKE], [BATTERY_MODEL], [BATTERY_START_DATE], [RENTAL_PRICE], [AIR_CONDITION], [CD_PLAYER], [RADIO], [AUX], [USB], [TAX_EXPIRY_DATE], [CAR_STATUS], [LOCATION_ID], [CREATED_DATE]) VALUES (59, N'คข2002', N'กรุงเทพมหานคร', N'FFAR', N'SUV', 1, 5, N'Silver', N'2009', N'2009', N'3000', N'Automatic', N'Diesel', 4, N'80000', 5, 7, 2, 2, N'Yokohama GEOLANDAR 265/65 R17 ', N'GS', N'N50ZL', CAST(N'2018-05-05' AS Date), CAST(2000.00 AS Decimal(10, 2)), 1, 1, 1, 1, 1, CAST(N'2018-11-21' AS Date), 1, 3, CAST(N'2018-06-12 18:19:04.133' AS DateTime))
GO
INSERT [dbo].[DPU_MST_CAR] ([CAR_ID], [LICENSE_NO], [LICENSE_PROVINCE], [SIPP_CODE], [CAR_CATEGORIES_NAME], [CAR_MAKE_ID], [CAR_MODEL_ID], [CAR_COLOR], [REGISTER_YEAR], [MANUFACTURE_YEAR], [ENGINE_SIZE], [TRANSMISSION], [FUEL_TYPE], [FUEL_LEVEL], [MILEAGE], [NO_OF_DOORS], [NO_OF_SEAT], [NO_OF_SMALL_BAG], [NO_OF_LARGE_BAG], [TIRE_DESCRIPTION], [BATTERY_MAKE], [BATTERY_MODEL], [BATTERY_START_DATE], [RENTAL_PRICE], [AIR_CONDITION], [CD_PLAYER], [RADIO], [AUX], [USB], [TAX_EXPIRY_DATE], [CAR_STATUS], [LOCATION_ID], [CREATED_DATE]) VALUES (60, N'คค2003', N'กรุงเทพมหานคร', N'FFAR', N'SUV', 6, 22, N'black', N'2014', N'2014', N'1500', N'Automatic', N'Gasohal 95', 4, N'70000', 5, 7, 2, 2, N'Goodyear 205/50 R17', N'Panasonic', N'75D23L-MF', CAST(N'2018-01-04' AS Date), CAST(899.00 AS Decimal(10, 2)), 1, 1, 1, 1, 1, CAST(N'2018-11-10' AS Date), 1, 3, CAST(N'2018-06-12 18:19:04.133' AS DateTime))
GO
INSERT [dbo].[DPU_MST_CAR] ([CAR_ID], [LICENSE_NO], [LICENSE_PROVINCE], [SIPP_CODE], [CAR_CATEGORIES_NAME], [CAR_MAKE_ID], [CAR_MODEL_ID], [CAR_COLOR], [REGISTER_YEAR], [MANUFACTURE_YEAR], [ENGINE_SIZE], [TRANSMISSION], [FUEL_TYPE], [FUEL_LEVEL], [MILEAGE], [NO_OF_DOORS], [NO_OF_SEAT], [NO_OF_SMALL_BAG], [NO_OF_LARGE_BAG], [TIRE_DESCRIPTION], [BATTERY_MAKE], [BATTERY_MODEL], [BATTERY_START_DATE], [RENTAL_PRICE], [AIR_CONDITION], [CD_PLAYER], [RADIO], [AUX], [USB], [TAX_EXPIRY_DATE], [CAR_STATUS], [LOCATION_ID], [CREATED_DATE]) VALUES (61, N'คค2004', N'กรุงเทพมหานคร', N'FFAR', N'SUV', 5, 20, N'gray', N'2016', N'2016', N'2000', N'Automatic', N'Gasohal 95', 4, N'89000', 5, 7, 2, 2, N'Goodyear 215/50 R18', N'GS', N'Q85', CAST(N'2017-01-08' AS Date), CAST(899.00 AS Decimal(10, 2)), 1, 1, 1, 0, 1, CAST(N'2018-11-21' AS Date), 1, 3, CAST(N'2018-06-12 18:19:04.133' AS DateTime))
GO
INSERT [dbo].[DPU_MST_CAR] ([CAR_ID], [LICENSE_NO], [LICENSE_PROVINCE], [SIPP_CODE], [CAR_CATEGORIES_NAME], [CAR_MAKE_ID], [CAR_MODEL_ID], [CAR_COLOR], [REGISTER_YEAR], [MANUFACTURE_YEAR], [ENGINE_SIZE], [TRANSMISSION], [FUEL_TYPE], [FUEL_LEVEL], [MILEAGE], [NO_OF_DOORS], [NO_OF_SEAT], [NO_OF_SMALL_BAG], [NO_OF_LARGE_BAG], [TIRE_DESCRIPTION], [BATTERY_MAKE], [BATTERY_MODEL], [BATTERY_START_DATE], [RENTAL_PRICE], [AIR_CONDITION], [CD_PLAYER], [RADIO], [AUX], [USB], [TAX_EXPIRY_DATE], [CAR_STATUS], [LOCATION_ID], [CREATED_DATE]) VALUES (62, N'คค2005', N'กรุงเทพมหานคร', N'ECAR', N'Hatchback', 2, 6, N'White', N'2009', N'2009', N'1500', N'Automatic', N'Gasohal 91', 4, N'60000', 5, 5, 2, 2, N'Michelin  ENERGY 175/65 R15 ', N'3K', N'NS60R', CAST(N'2018-01-01' AS Date), CAST(699.00 AS Decimal(10, 2)), 1, 1, 1, 1, 1, CAST(N'2018-12-12' AS Date), 1, 3, CAST(N'2018-06-12 18:19:04.133' AS DateTime))
GO
INSERT [dbo].[DPU_MST_CAR] ([CAR_ID], [LICENSE_NO], [LICENSE_PROVINCE], [SIPP_CODE], [CAR_CATEGORIES_NAME], [CAR_MAKE_ID], [CAR_MODEL_ID], [CAR_COLOR], [REGISTER_YEAR], [MANUFACTURE_YEAR], [ENGINE_SIZE], [TRANSMISSION], [FUEL_TYPE], [FUEL_LEVEL], [MILEAGE], [NO_OF_DOORS], [NO_OF_SEAT], [NO_OF_SMALL_BAG], [NO_OF_LARGE_BAG], [TIRE_DESCRIPTION], [BATTERY_MAKE], [BATTERY_MODEL], [BATTERY_START_DATE], [RENTAL_PRICE], [AIR_CONDITION], [CD_PLAYER], [RADIO], [AUX], [USB], [TAX_EXPIRY_DATE], [CAR_STATUS], [LOCATION_ID], [CREATED_DATE]) VALUES (63, N'คค2006', N'กรุงเทพมหานคร', N'ECAR', N'Hatchback', 3, 15, N'Silver', N'2012', N'2012', N'1200', N'Automatic', N'Gasohal 91', 4, N'56900', 5, 5, 2, 2, N'TOYO 215/55 R17', N'GS', N'NS60L', CAST(N'2018-01-01' AS Date), CAST(599.00 AS Decimal(10, 2)), 1, 1, 1, 1, 1, CAST(N'2019-01-01' AS Date), 1, 3, CAST(N'2018-06-12 18:19:04.133' AS DateTime))
GO
INSERT [dbo].[DPU_MST_CAR_COLOR] ([CAR_COLOR_ID], [CAR_COLOR_NAME], [ACTIVE_STATUS], [CREATED_DATE], [CREATED_BY], [UPDATED_DATE], [UPDATED_BY]) VALUES (1, N'Red', 1, CAST(N'2561-06-12 16:08:00.000' AS DateTime), N'System', CAST(N'2561-06-12 16:08:00.000' AS DateTime), N'System')
GO
INSERT [dbo].[DPU_MST_CAR_COLOR] ([CAR_COLOR_ID], [CAR_COLOR_NAME], [ACTIVE_STATUS], [CREATED_DATE], [CREATED_BY], [UPDATED_DATE], [UPDATED_BY]) VALUES (2, N'Silver
', 1, CAST(N'2561-06-12 16:08:00.000' AS DateTime), N'System', CAST(N'2561-06-12 16:08:00.000' AS DateTime), N'System')
GO
INSERT [dbo].[DPU_MST_CAR_COLOR] ([CAR_COLOR_ID], [CAR_COLOR_NAME], [ACTIVE_STATUS], [CREATED_DATE], [CREATED_BY], [UPDATED_DATE], [UPDATED_BY]) VALUES (3, N'Brown
', 1, CAST(N'2561-06-12 16:08:00.000' AS DateTime), N'System', CAST(N'2561-06-12 16:08:00.000' AS DateTime), N'System')
GO
INSERT [dbo].[DPU_MST_CAR_COLOR] ([CAR_COLOR_ID], [CAR_COLOR_NAME], [ACTIVE_STATUS], [CREATED_DATE], [CREATED_BY], [UPDATED_DATE], [UPDATED_BY]) VALUES (4, N'Blue
', 1, CAST(N'2561-06-12 16:08:00.000' AS DateTime), N'System', CAST(N'2561-06-12 16:08:00.000' AS DateTime), N'System')
GO
INSERT [dbo].[DPU_MST_CAR_COLOR] ([CAR_COLOR_ID], [CAR_COLOR_NAME], [ACTIVE_STATUS], [CREATED_DATE], [CREATED_BY], [UPDATED_DATE], [UPDATED_BY]) VALUES (5, N'Yellow
', 1, CAST(N'2561-06-12 16:08:00.000' AS DateTime), N'System', CAST(N'2561-06-12 16:08:00.000' AS DateTime), N'System')
GO
INSERT [dbo].[DPU_MST_CAR_COLOR] ([CAR_COLOR_ID], [CAR_COLOR_NAME], [ACTIVE_STATUS], [CREATED_DATE], [CREATED_BY], [UPDATED_DATE], [UPDATED_BY]) VALUES (6, N'Black
', 1, CAST(N'2561-06-12 16:08:00.000' AS DateTime), N'System', CAST(N'2561-06-12 16:08:00.000' AS DateTime), N'System')
GO
INSERT [dbo].[DPU_MST_CAR_COLOR] ([CAR_COLOR_ID], [CAR_COLOR_NAME], [ACTIVE_STATUS], [CREATED_DATE], [CREATED_BY], [UPDATED_DATE], [UPDATED_BY]) VALUES (7, N'White
', 1, CAST(N'2561-06-12 16:08:00.000' AS DateTime), N'System', CAST(N'2561-06-12 16:08:00.000' AS DateTime), N'System')
GO
INSERT [dbo].[DPU_MST_CAR_COLOR] ([CAR_COLOR_ID], [CAR_COLOR_NAME], [ACTIVE_STATUS], [CREATED_DATE], [CREATED_BY], [UPDATED_DATE], [UPDATED_BY]) VALUES (8, N'Pink
', 1, CAST(N'2561-06-12 16:08:00.000' AS DateTime), N'System', CAST(N'2561-06-12 16:08:00.000' AS DateTime), N'System')
GO
INSERT [dbo].[DPU_MST_CAR_COLOR] ([CAR_COLOR_ID], [CAR_COLOR_NAME], [ACTIVE_STATUS], [CREATED_DATE], [CREATED_BY], [UPDATED_DATE], [UPDATED_BY]) VALUES (9, N'Gray
', 1, CAST(N'2561-06-12 16:08:00.000' AS DateTime), N'System', CAST(N'2561-06-12 16:08:00.000' AS DateTime), N'System')
GO
INSERT [dbo].[DPU_MST_CAR_COLOR] ([CAR_COLOR_ID], [CAR_COLOR_NAME], [ACTIVE_STATUS], [CREATED_DATE], [CREATED_BY], [UPDATED_DATE], [UPDATED_BY]) VALUES (10, N'Green
', 1, CAST(N'2561-06-12 16:08:00.000' AS DateTime), N'System', CAST(N'2561-06-12 16:08:00.000' AS DateTime), N'System')
GO
INSERT [dbo].[DPU_MST_CAR_COLOR] ([CAR_COLOR_ID], [CAR_COLOR_NAME], [ACTIVE_STATUS], [CREATED_DATE], [CREATED_BY], [UPDATED_DATE], [UPDATED_BY]) VALUES (11, N'Gold
', 1, CAST(N'2561-06-12 16:08:00.000' AS DateTime), N'System', CAST(N'2561-06-12 16:08:00.000' AS DateTime), N'System')
GO
INSERT [dbo].[DPU_MST_CAR_MAKE] ([CAR_MAKE_ID], [CAR_MAKE], [CAR_MAKE_LOGO_PATH], [ACTIVE_STATUS], [CREATED_DATE], [CREATED_BY], [UPDATED_DATE], [UPDATED_BY]) VALUES (1, N'Toyota', N'Images\Logo\toyota.png', 1, CAST(N'2561-06-12 16:08:00.000' AS DateTime), N'System', CAST(N'2561-06-12 16:08:00.000' AS DateTime), N'System')
GO
INSERT [dbo].[DPU_MST_CAR_MAKE] ([CAR_MAKE_ID], [CAR_MAKE], [CAR_MAKE_LOGO_PATH], [ACTIVE_STATUS], [CREATED_DATE], [CREATED_BY], [UPDATED_DATE], [UPDATED_BY]) VALUES (2, N'Honda', N'Images\Logo\honda.png', 1, CAST(N'2561-06-12 16:08:00.000' AS DateTime), N'System', CAST(N'2561-06-12 16:08:00.000' AS DateTime), N'System')
GO
INSERT [dbo].[DPU_MST_CAR_MAKE] ([CAR_MAKE_ID], [CAR_MAKE], [CAR_MAKE_LOGO_PATH], [ACTIVE_STATUS], [CREATED_DATE], [CREATED_BY], [UPDATED_DATE], [UPDATED_BY]) VALUES (3, N'Nissan', N'Images\Logo\nissan.png', 1, CAST(N'2561-06-12 16:08:00.000' AS DateTime), N'System', CAST(N'2561-06-12 16:08:00.000' AS DateTime), N'System')
GO
INSERT [dbo].[DPU_MST_CAR_MAKE] ([CAR_MAKE_ID], [CAR_MAKE], [CAR_MAKE_LOGO_PATH], [ACTIVE_STATUS], [CREATED_DATE], [CREATED_BY], [UPDATED_DATE], [UPDATED_BY]) VALUES (4, N'Mitsubishi', N'Images\Logo\mitsubishi.png', 1, CAST(N'2561-06-12 16:08:00.000' AS DateTime), N'System', CAST(N'2561-06-12 16:08:00.000' AS DateTime), N'System')
GO
INSERT [dbo].[DPU_MST_CAR_MAKE] ([CAR_MAKE_ID], [CAR_MAKE], [CAR_MAKE_LOGO_PATH], [ACTIVE_STATUS], [CREATED_DATE], [CREATED_BY], [UPDATED_DATE], [UPDATED_BY]) VALUES (5, N'Mazda', N'Images\Logo\mazda.png', 1, CAST(N'2561-06-12 16:08:00.000' AS DateTime), N'System', CAST(N'2561-06-12 16:08:00.000' AS DateTime), N'System')
GO
INSERT [dbo].[DPU_MST_CAR_MAKE] ([CAR_MAKE_ID], [CAR_MAKE], [CAR_MAKE_LOGO_PATH], [ACTIVE_STATUS], [CREATED_DATE], [CREATED_BY], [UPDATED_DATE], [UPDATED_BY]) VALUES (6, N'Ford', N'Images\Logo\ford.png', 1, CAST(N'2561-06-12 16:08:00.000' AS DateTime), N'System', CAST(N'2561-06-12 16:08:00.000' AS DateTime), N'System')
GO
INSERT [dbo].[DPU_MST_CAR_MAKE] ([CAR_MAKE_ID], [CAR_MAKE], [CAR_MAKE_LOGO_PATH], [ACTIVE_STATUS], [CREATED_DATE], [CREATED_BY], [UPDATED_DATE], [UPDATED_BY]) VALUES (7, N'BMW', N'Images\Logo\bmw.png', 1, CAST(N'2561-06-12 16:08:00.000' AS DateTime), N'System', CAST(N'2561-06-12 16:08:00.000' AS DateTime), N'System')
GO
INSERT [dbo].[DPU_MST_CAR_MAKE] ([CAR_MAKE_ID], [CAR_MAKE], [CAR_MAKE_LOGO_PATH], [ACTIVE_STATUS], [CREATED_DATE], [CREATED_BY], [UPDATED_DATE], [UPDATED_BY]) VALUES (8, N'Isuzu', N'Images\Logo\isuzu.png', 1, CAST(N'2561-06-12 16:08:00.000' AS DateTime), N'System', CAST(N'2561-06-12 16:08:00.000' AS DateTime), N'System')
GO
INSERT [dbo].[DPU_MST_CAR_MODEL] ([CAR_MODEL_ID], [CAR_MODEL_NAME], [CAR_MODEL_IMG_PATH], [CAR_MODEL_VIDEO_PATH], [CAR_MAKE_ID], [ACTIVE_STATUS], [CREATED_DATE], [CREATED_BY], [UPDATED_DATE], [UPDATED_BY]) VALUES (1, N'Yaris', NULL, NULL, 1, 1, CAST(N'2561-06-12 16:08:00.000' AS DateTime), N'System', CAST(N'2561-06-12 16:08:00.000' AS DateTime), N'System')
GO
INSERT [dbo].[DPU_MST_CAR_MODEL] ([CAR_MODEL_ID], [CAR_MODEL_NAME], [CAR_MODEL_IMG_PATH], [CAR_MODEL_VIDEO_PATH], [CAR_MAKE_ID], [ACTIVE_STATUS], [CREATED_DATE], [CREATED_BY], [UPDATED_DATE], [UPDATED_BY]) VALUES (2, N'Vios', NULL, NULL, 1, 1, CAST(N'2561-06-12 16:08:00.000' AS DateTime), N'System', CAST(N'2561-06-12 16:08:00.000' AS DateTime), N'System')
GO
INSERT [dbo].[DPU_MST_CAR_MODEL] ([CAR_MODEL_ID], [CAR_MODEL_NAME], [CAR_MODEL_IMG_PATH], [CAR_MODEL_VIDEO_PATH], [CAR_MAKE_ID], [ACTIVE_STATUS], [CREATED_DATE], [CREATED_BY], [UPDATED_DATE], [UPDATED_BY]) VALUES (3, N'Altis', NULL, NULL, 1, 1, CAST(N'2561-06-12 16:08:00.000' AS DateTime), N'System', CAST(N'2561-06-12 16:08:00.000' AS DateTime), N'System')
GO
INSERT [dbo].[DPU_MST_CAR_MODEL] ([CAR_MODEL_ID], [CAR_MODEL_NAME], [CAR_MODEL_IMG_PATH], [CAR_MODEL_VIDEO_PATH], [CAR_MAKE_ID], [ACTIVE_STATUS], [CREATED_DATE], [CREATED_BY], [UPDATED_DATE], [UPDATED_BY]) VALUES (4, N'Camry', NULL, NULL, 1, 1, CAST(N'2561-06-12 16:08:00.000' AS DateTime), N'System', CAST(N'2561-06-12 16:08:00.000' AS DateTime), N'System')
GO
INSERT [dbo].[DPU_MST_CAR_MODEL] ([CAR_MODEL_ID], [CAR_MODEL_NAME], [CAR_MODEL_IMG_PATH], [CAR_MODEL_VIDEO_PATH], [CAR_MAKE_ID], [ACTIVE_STATUS], [CREATED_DATE], [CREATED_BY], [UPDATED_DATE], [UPDATED_BY]) VALUES (5, N'Fortuner', NULL, NULL, 1, 1, CAST(N'2561-06-12 16:08:00.000' AS DateTime), N'System', CAST(N'2561-06-12 16:08:00.000' AS DateTime), N'System')
GO
INSERT [dbo].[DPU_MST_CAR_MODEL] ([CAR_MODEL_ID], [CAR_MODEL_NAME], [CAR_MODEL_IMG_PATH], [CAR_MODEL_VIDEO_PATH], [CAR_MAKE_ID], [ACTIVE_STATUS], [CREATED_DATE], [CREATED_BY], [UPDATED_DATE], [UPDATED_BY]) VALUES (6, N'Jazz', NULL, NULL, 2, 1, CAST(N'2561-06-12 16:08:00.000' AS DateTime), N'System', CAST(N'2561-06-12 16:08:00.000' AS DateTime), N'System')
GO
INSERT [dbo].[DPU_MST_CAR_MODEL] ([CAR_MODEL_ID], [CAR_MODEL_NAME], [CAR_MODEL_IMG_PATH], [CAR_MODEL_VIDEO_PATH], [CAR_MAKE_ID], [ACTIVE_STATUS], [CREATED_DATE], [CREATED_BY], [UPDATED_DATE], [UPDATED_BY]) VALUES (7, N'City', NULL, NULL, 2, 1, CAST(N'2561-06-12 16:08:00.000' AS DateTime), N'System', CAST(N'2561-06-12 16:08:00.000' AS DateTime), N'System')
GO
INSERT [dbo].[DPU_MST_CAR_MODEL] ([CAR_MODEL_ID], [CAR_MODEL_NAME], [CAR_MODEL_IMG_PATH], [CAR_MODEL_VIDEO_PATH], [CAR_MAKE_ID], [ACTIVE_STATUS], [CREATED_DATE], [CREATED_BY], [UPDATED_DATE], [UPDATED_BY]) VALUES (8, N'HR-V', NULL, NULL, 2, 1, CAST(N'2561-06-12 16:08:00.000' AS DateTime), N'System', CAST(N'2561-06-12 16:08:00.000' AS DateTime), N'System')
GO
INSERT [dbo].[DPU_MST_CAR_MODEL] ([CAR_MODEL_ID], [CAR_MODEL_NAME], [CAR_MODEL_IMG_PATH], [CAR_MODEL_VIDEO_PATH], [CAR_MAKE_ID], [ACTIVE_STATUS], [CREATED_DATE], [CREATED_BY], [UPDATED_DATE], [UPDATED_BY]) VALUES (9, N'Civic', NULL, NULL, 2, 1, CAST(N'2561-06-12 16:08:00.000' AS DateTime), N'System', CAST(N'2561-06-12 16:08:00.000' AS DateTime), N'System')
GO
INSERT [dbo].[DPU_MST_CAR_MODEL] ([CAR_MODEL_ID], [CAR_MODEL_NAME], [CAR_MODEL_IMG_PATH], [CAR_MODEL_VIDEO_PATH], [CAR_MAKE_ID], [ACTIVE_STATUS], [CREATED_DATE], [CREATED_BY], [UPDATED_DATE], [UPDATED_BY]) VALUES (10, N'Accord', NULL, NULL, 2, 1, CAST(N'2561-06-12 16:08:00.000' AS DateTime), N'System', CAST(N'2561-06-12 16:08:00.000' AS DateTime), N'System')
GO
INSERT [dbo].[DPU_MST_CAR_MODEL] ([CAR_MODEL_ID], [CAR_MODEL_NAME], [CAR_MODEL_IMG_PATH], [CAR_MODEL_VIDEO_PATH], [CAR_MAKE_ID], [ACTIVE_STATUS], [CREATED_DATE], [CREATED_BY], [UPDATED_DATE], [UPDATED_BY]) VALUES (11, N'CR-V', NULL, NULL, 2, 1, CAST(N'2561-06-12 16:08:00.000' AS DateTime), N'System', CAST(N'2561-06-12 16:08:00.000' AS DateTime), N'System')
GO
INSERT [dbo].[DPU_MST_CAR_MODEL] ([CAR_MODEL_ID], [CAR_MODEL_NAME], [CAR_MODEL_IMG_PATH], [CAR_MODEL_VIDEO_PATH], [CAR_MAKE_ID], [ACTIVE_STATUS], [CREATED_DATE], [CREATED_BY], [UPDATED_DATE], [UPDATED_BY]) VALUES (12, N'Brio', NULL, NULL, 2, 1, CAST(N'2561-06-12 16:08:00.000' AS DateTime), N'System', CAST(N'2561-06-12 16:08:00.000' AS DateTime), N'System')
GO
INSERT [dbo].[DPU_MST_CAR_MODEL] ([CAR_MODEL_ID], [CAR_MODEL_NAME], [CAR_MODEL_IMG_PATH], [CAR_MODEL_VIDEO_PATH], [CAR_MAKE_ID], [ACTIVE_STATUS], [CREATED_DATE], [CREATED_BY], [UPDATED_DATE], [UPDATED_BY]) VALUES (13, N'Note', NULL, NULL, 3, 1, CAST(N'2561-06-12 16:08:00.000' AS DateTime), N'System', CAST(N'2561-06-12 16:08:00.000' AS DateTime), N'System')
GO
INSERT [dbo].[DPU_MST_CAR_MODEL] ([CAR_MODEL_ID], [CAR_MODEL_NAME], [CAR_MODEL_IMG_PATH], [CAR_MODEL_VIDEO_PATH], [CAR_MAKE_ID], [ACTIVE_STATUS], [CREATED_DATE], [CREATED_BY], [UPDATED_DATE], [UPDATED_BY]) VALUES (14, N'Juke', NULL, NULL, 3, 1, CAST(N'2561-06-12 16:08:00.000' AS DateTime), N'System', CAST(N'2561-06-12 16:08:00.000' AS DateTime), N'System')
GO
INSERT [dbo].[DPU_MST_CAR_MODEL] ([CAR_MODEL_ID], [CAR_MODEL_NAME], [CAR_MODEL_IMG_PATH], [CAR_MODEL_VIDEO_PATH], [CAR_MAKE_ID], [ACTIVE_STATUS], [CREATED_DATE], [CREATED_BY], [UPDATED_DATE], [UPDATED_BY]) VALUES (15, N'March', NULL, NULL, 3, 1, CAST(N'2561-06-12 16:08:00.000' AS DateTime), N'System', CAST(N'2561-06-12 16:08:00.000' AS DateTime), N'System')
GO
INSERT [dbo].[DPU_MST_CAR_MODEL] ([CAR_MODEL_ID], [CAR_MODEL_NAME], [CAR_MODEL_IMG_PATH], [CAR_MODEL_VIDEO_PATH], [CAR_MAKE_ID], [ACTIVE_STATUS], [CREATED_DATE], [CREATED_BY], [UPDATED_DATE], [UPDATED_BY]) VALUES (16, N'Mirage', NULL, NULL, 4, 1, CAST(N'2561-06-12 16:08:00.000' AS DateTime), N'System', CAST(N'2561-06-12 16:08:00.000' AS DateTime), N'System')
GO
INSERT [dbo].[DPU_MST_CAR_MODEL] ([CAR_MODEL_ID], [CAR_MODEL_NAME], [CAR_MODEL_IMG_PATH], [CAR_MODEL_VIDEO_PATH], [CAR_MAKE_ID], [ACTIVE_STATUS], [CREATED_DATE], [CREATED_BY], [UPDATED_DATE], [UPDATED_BY]) VALUES (17, N'CX-5', NULL, NULL, 5, 1, CAST(N'2561-06-12 16:08:00.000' AS DateTime), N'System', CAST(N'2561-06-12 16:08:00.000' AS DateTime), N'System')
GO
INSERT [dbo].[DPU_MST_CAR_MODEL] ([CAR_MODEL_ID], [CAR_MODEL_NAME], [CAR_MODEL_IMG_PATH], [CAR_MODEL_VIDEO_PATH], [CAR_MAKE_ID], [ACTIVE_STATUS], [CREATED_DATE], [CREATED_BY], [UPDATED_DATE], [UPDATED_BY]) VALUES (18, N'Mazda2', NULL, NULL, 5, 1, CAST(N'2561-06-12 16:08:00.000' AS DateTime), N'System', CAST(N'2561-06-12 16:08:00.000' AS DateTime), N'System')
GO
INSERT [dbo].[DPU_MST_CAR_MODEL] ([CAR_MODEL_ID], [CAR_MODEL_NAME], [CAR_MODEL_IMG_PATH], [CAR_MODEL_VIDEO_PATH], [CAR_MAKE_ID], [ACTIVE_STATUS], [CREATED_DATE], [CREATED_BY], [UPDATED_DATE], [UPDATED_BY]) VALUES (19, N'Mazda3', NULL, NULL, 5, 1, CAST(N'2561-06-12 16:08:00.000' AS DateTime), N'System', CAST(N'2561-06-12 16:08:00.000' AS DateTime), N'System')
GO
INSERT [dbo].[DPU_MST_CAR_MODEL] ([CAR_MODEL_ID], [CAR_MODEL_NAME], [CAR_MODEL_IMG_PATH], [CAR_MODEL_VIDEO_PATH], [CAR_MAKE_ID], [ACTIVE_STATUS], [CREATED_DATE], [CREATED_BY], [UPDATED_DATE], [UPDATED_BY]) VALUES (20, N'CX-3', NULL, NULL, 5, 1, CAST(N'2561-06-12 16:08:00.000' AS DateTime), N'System', CAST(N'2561-06-12 16:08:00.000' AS DateTime), N'System')
GO
INSERT [dbo].[DPU_MST_CAR_MODEL] ([CAR_MODEL_ID], [CAR_MODEL_NAME], [CAR_MODEL_IMG_PATH], [CAR_MODEL_VIDEO_PATH], [CAR_MAKE_ID], [ACTIVE_STATUS], [CREATED_DATE], [CREATED_BY], [UPDATED_DATE], [UPDATED_BY]) VALUES (21, N'Fiesta', NULL, NULL, 6, 1, CAST(N'2561-06-12 16:08:00.000' AS DateTime), N'System', CAST(N'2561-06-12 16:08:00.000' AS DateTime), N'System')
GO
INSERT [dbo].[DPU_MST_CAR_MODEL] ([CAR_MODEL_ID], [CAR_MODEL_NAME], [CAR_MODEL_IMG_PATH], [CAR_MODEL_VIDEO_PATH], [CAR_MAKE_ID], [ACTIVE_STATUS], [CREATED_DATE], [CREATED_BY], [UPDATED_DATE], [UPDATED_BY]) VALUES (22, N'Ecosport', NULL, NULL, 6, 1, CAST(N'2561-06-12 16:08:00.000' AS DateTime), N'System', CAST(N'2561-06-12 16:08:00.000' AS DateTime), N'System')
GO
INSERT [dbo].[DPU_MST_CAR_MODEL] ([CAR_MODEL_ID], [CAR_MODEL_NAME], [CAR_MODEL_IMG_PATH], [CAR_MODEL_VIDEO_PATH], [CAR_MAKE_ID], [ACTIVE_STATUS], [CREATED_DATE], [CREATED_BY], [UPDATED_DATE], [UPDATED_BY]) VALUES (23, N'X6', NULL, NULL, 7, 1, CAST(N'2561-06-12 16:08:00.000' AS DateTime), N'System', CAST(N'2561-06-12 16:08:00.000' AS DateTime), N'System')
GO
INSERT [dbo].[DPU_MST_CAR_MODEL] ([CAR_MODEL_ID], [CAR_MODEL_NAME], [CAR_MODEL_IMG_PATH], [CAR_MODEL_VIDEO_PATH], [CAR_MAKE_ID], [ACTIVE_STATUS], [CREATED_DATE], [CREATED_BY], [UPDATED_DATE], [UPDATED_BY]) VALUES (24, N'X3', NULL, NULL, 7, 1, CAST(N'2561-06-12 16:08:00.000' AS DateTime), N'System', CAST(N'2561-06-12 16:08:00.000' AS DateTime), N'System')
GO
INSERT [dbo].[DPU_MST_CAR_MODEL] ([CAR_MODEL_ID], [CAR_MODEL_NAME], [CAR_MODEL_IMG_PATH], [CAR_MODEL_VIDEO_PATH], [CAR_MAKE_ID], [ACTIVE_STATUS], [CREATED_DATE], [CREATED_BY], [UPDATED_DATE], [UPDATED_BY]) VALUES (25, N'Mu-7', NULL, NULL, 8, 1, CAST(N'2561-06-12 16:08:00.000' AS DateTime), N'System', CAST(N'2561-06-12 16:08:00.000' AS DateTime), N'System')
GO
INSERT [dbo].[DPU_MST_CAR_MODEL_COLOR] ([CAR_MODEL_ID], [CAR_COLOR_ID], [ACTIVE_STATUS], [CREATED_DATE], [CREATED_BY], [UPDATED_DATE], [UPDATED_BY]) VALUES (1, 1, 1, CAST(N'2561-06-12 16:08:00.000' AS DateTime), N'System', CAST(N'2561-06-12 16:08:00.000' AS DateTime), N'System')
GO
INSERT [dbo].[DPU_MST_CAR_MODEL_COLOR] ([CAR_MODEL_ID], [CAR_COLOR_ID], [ACTIVE_STATUS], [CREATED_DATE], [CREATED_BY], [UPDATED_DATE], [UPDATED_BY]) VALUES (1, 2, 1, CAST(N'2561-06-12 16:08:00.000' AS DateTime), N'System', CAST(N'2561-06-12 16:08:00.000' AS DateTime), N'System')
GO
INSERT [dbo].[DPU_MST_CAR_MODEL_COLOR] ([CAR_MODEL_ID], [CAR_COLOR_ID], [ACTIVE_STATUS], [CREATED_DATE], [CREATED_BY], [UPDATED_DATE], [UPDATED_BY]) VALUES (1, 6, 1, CAST(N'2561-06-12 16:08:00.000' AS DateTime), N'System', CAST(N'2561-06-12 16:08:00.000' AS DateTime), N'System')
GO
INSERT [dbo].[DPU_MST_CAR_MODEL_COLOR] ([CAR_MODEL_ID], [CAR_COLOR_ID], [ACTIVE_STATUS], [CREATED_DATE], [CREATED_BY], [UPDATED_DATE], [UPDATED_BY]) VALUES (1, 7, 1, CAST(N'2561-06-12 16:08:00.000' AS DateTime), N'System', CAST(N'2561-06-12 16:08:00.000' AS DateTime), N'System')
GO
INSERT [dbo].[DPU_MST_CAR_MODEL_COLOR] ([CAR_MODEL_ID], [CAR_COLOR_ID], [ACTIVE_STATUS], [CREATED_DATE], [CREATED_BY], [UPDATED_DATE], [UPDATED_BY]) VALUES (2, 1, 1, CAST(N'2561-06-12 16:08:00.000' AS DateTime), N'System', CAST(N'2561-06-12 16:08:00.000' AS DateTime), N'System')
GO
INSERT [dbo].[DPU_MST_CAR_MODEL_COLOR] ([CAR_MODEL_ID], [CAR_COLOR_ID], [ACTIVE_STATUS], [CREATED_DATE], [CREATED_BY], [UPDATED_DATE], [UPDATED_BY]) VALUES (3, 2, 1, CAST(N'2561-06-12 16:08:00.000' AS DateTime), N'System', CAST(N'2561-06-12 16:08:00.000' AS DateTime), N'System')
GO
INSERT [dbo].[DPU_MST_CAR_MODEL_COLOR] ([CAR_MODEL_ID], [CAR_COLOR_ID], [ACTIVE_STATUS], [CREATED_DATE], [CREATED_BY], [UPDATED_DATE], [UPDATED_BY]) VALUES (4, 3, 1, CAST(N'2561-06-12 16:08:00.000' AS DateTime), N'System', CAST(N'2561-06-12 16:08:00.000' AS DateTime), N'System')
GO
INSERT [dbo].[DPU_MST_CAR_MODEL_COLOR] ([CAR_MODEL_ID], [CAR_COLOR_ID], [ACTIVE_STATUS], [CREATED_DATE], [CREATED_BY], [UPDATED_DATE], [UPDATED_BY]) VALUES (5, 2, 1, CAST(N'2561-06-12 16:08:00.000' AS DateTime), N'System', CAST(N'2561-06-12 16:08:00.000' AS DateTime), N'System')
GO
INSERT [dbo].[DPU_MST_CAR_MODEL_COLOR] ([CAR_MODEL_ID], [CAR_COLOR_ID], [ACTIVE_STATUS], [CREATED_DATE], [CREATED_BY], [UPDATED_DATE], [UPDATED_BY]) VALUES (5, 3, 1, CAST(N'2561-06-12 16:08:00.000' AS DateTime), N'System', CAST(N'2561-06-12 16:08:00.000' AS DateTime), N'System')
GO
INSERT [dbo].[DPU_MST_CAR_MODEL_COLOR] ([CAR_MODEL_ID], [CAR_COLOR_ID], [ACTIVE_STATUS], [CREATED_DATE], [CREATED_BY], [UPDATED_DATE], [UPDATED_BY]) VALUES (5, 4, 1, CAST(N'2561-06-12 16:08:00.000' AS DateTime), N'System', CAST(N'2561-06-12 16:08:00.000' AS DateTime), N'System')
GO
INSERT [dbo].[DPU_MST_CAR_MODEL_COLOR] ([CAR_MODEL_ID], [CAR_COLOR_ID], [ACTIVE_STATUS], [CREATED_DATE], [CREATED_BY], [UPDATED_DATE], [UPDATED_BY]) VALUES (5, 6, 1, CAST(N'2561-06-12 16:08:00.000' AS DateTime), N'System', CAST(N'2561-06-12 16:08:00.000' AS DateTime), N'System')
GO
INSERT [dbo].[DPU_MST_CAR_MODEL_COLOR] ([CAR_MODEL_ID], [CAR_COLOR_ID], [ACTIVE_STATUS], [CREATED_DATE], [CREATED_BY], [UPDATED_DATE], [UPDATED_BY]) VALUES (5, 7, 1, CAST(N'2561-06-12 16:08:00.000' AS DateTime), N'System', CAST(N'2561-06-12 16:08:00.000' AS DateTime), N'System')
GO
INSERT [dbo].[DPU_MST_CAR_MODEL_COLOR] ([CAR_MODEL_ID], [CAR_COLOR_ID], [ACTIVE_STATUS], [CREATED_DATE], [CREATED_BY], [UPDATED_DATE], [UPDATED_BY]) VALUES (5, 11, 1, CAST(N'2561-06-12 16:08:00.000' AS DateTime), N'System', CAST(N'2561-06-12 16:08:00.000' AS DateTime), N'System')
GO
INSERT [dbo].[DPU_MST_CAR_MODEL_COLOR] ([CAR_MODEL_ID], [CAR_COLOR_ID], [ACTIVE_STATUS], [CREATED_DATE], [CREATED_BY], [UPDATED_DATE], [UPDATED_BY]) VALUES (6, 2, 1, CAST(N'2561-06-12 16:08:00.000' AS DateTime), N'System', CAST(N'2561-06-12 16:08:00.000' AS DateTime), N'System')
GO
INSERT [dbo].[DPU_MST_CAR_MODEL_COLOR] ([CAR_MODEL_ID], [CAR_COLOR_ID], [ACTIVE_STATUS], [CREATED_DATE], [CREATED_BY], [UPDATED_DATE], [UPDATED_BY]) VALUES (6, 4, 1, CAST(N'2561-06-12 16:08:00.000' AS DateTime), N'System', CAST(N'2561-06-12 16:08:00.000' AS DateTime), N'System')
GO
INSERT [dbo].[DPU_MST_CAR_MODEL_COLOR] ([CAR_MODEL_ID], [CAR_COLOR_ID], [ACTIVE_STATUS], [CREATED_DATE], [CREATED_BY], [UPDATED_DATE], [UPDATED_BY]) VALUES (6, 5, 1, CAST(N'2561-06-12 16:08:00.000' AS DateTime), N'System', CAST(N'2561-06-12 16:08:00.000' AS DateTime), N'System')
GO
INSERT [dbo].[DPU_MST_CAR_MODEL_COLOR] ([CAR_MODEL_ID], [CAR_COLOR_ID], [ACTIVE_STATUS], [CREATED_DATE], [CREATED_BY], [UPDATED_DATE], [UPDATED_BY]) VALUES (6, 6, 1, CAST(N'2561-06-12 16:08:00.000' AS DateTime), N'System', CAST(N'2561-06-12 16:08:00.000' AS DateTime), N'System')
GO
INSERT [dbo].[DPU_MST_CAR_MODEL_COLOR] ([CAR_MODEL_ID], [CAR_COLOR_ID], [ACTIVE_STATUS], [CREATED_DATE], [CREATED_BY], [UPDATED_DATE], [UPDATED_BY]) VALUES (6, 7, 1, CAST(N'2561-06-12 16:08:00.000' AS DateTime), N'System', CAST(N'2561-06-12 16:08:00.000' AS DateTime), N'System')
GO
INSERT [dbo].[DPU_MST_CAR_MODEL_COLOR] ([CAR_MODEL_ID], [CAR_COLOR_ID], [ACTIVE_STATUS], [CREATED_DATE], [CREATED_BY], [UPDATED_DATE], [UPDATED_BY]) VALUES (7, 4, 1, CAST(N'2561-06-12 16:08:00.000' AS DateTime), N'System', CAST(N'2561-06-12 16:08:00.000' AS DateTime), N'System')
GO
INSERT [dbo].[DPU_MST_CAR_MODEL_COLOR] ([CAR_MODEL_ID], [CAR_COLOR_ID], [ACTIVE_STATUS], [CREATED_DATE], [CREATED_BY], [UPDATED_DATE], [UPDATED_BY]) VALUES (8, 2, 1, CAST(N'2561-06-12 16:08:00.000' AS DateTime), N'System', CAST(N'2561-06-12 16:08:00.000' AS DateTime), N'System')
GO
INSERT [dbo].[DPU_MST_CAR_MODEL_COLOR] ([CAR_MODEL_ID], [CAR_COLOR_ID], [ACTIVE_STATUS], [CREATED_DATE], [CREATED_BY], [UPDATED_DATE], [UPDATED_BY]) VALUES (8, 4, 1, CAST(N'2561-06-12 16:08:00.000' AS DateTime), N'System', CAST(N'2561-06-12 16:08:00.000' AS DateTime), N'System')
GO
INSERT [dbo].[DPU_MST_CAR_MODEL_COLOR] ([CAR_MODEL_ID], [CAR_COLOR_ID], [ACTIVE_STATUS], [CREATED_DATE], [CREATED_BY], [UPDATED_DATE], [UPDATED_BY]) VALUES (8, 6, 1, CAST(N'2561-06-12 16:08:00.000' AS DateTime), N'System', CAST(N'2561-06-12 16:08:00.000' AS DateTime), N'System')
GO
INSERT [dbo].[DPU_MST_CAR_MODEL_COLOR] ([CAR_MODEL_ID], [CAR_COLOR_ID], [ACTIVE_STATUS], [CREATED_DATE], [CREATED_BY], [UPDATED_DATE], [UPDATED_BY]) VALUES (9, 4, 1, CAST(N'2561-06-12 16:08:00.000' AS DateTime), N'System', CAST(N'2561-06-12 16:08:00.000' AS DateTime), N'System')
GO
INSERT [dbo].[DPU_MST_CAR_MODEL_COLOR] ([CAR_MODEL_ID], [CAR_COLOR_ID], [ACTIVE_STATUS], [CREATED_DATE], [CREATED_BY], [UPDATED_DATE], [UPDATED_BY]) VALUES (10, 6, 1, CAST(N'2561-06-12 16:08:00.000' AS DateTime), N'System', CAST(N'2561-06-12 16:08:00.000' AS DateTime), N'System')
GO
INSERT [dbo].[DPU_MST_CAR_MODEL_COLOR] ([CAR_MODEL_ID], [CAR_COLOR_ID], [ACTIVE_STATUS], [CREATED_DATE], [CREATED_BY], [UPDATED_DATE], [UPDATED_BY]) VALUES (11, 3, 1, CAST(N'2561-06-12 16:08:00.000' AS DateTime), N'System', CAST(N'2561-06-12 16:08:00.000' AS DateTime), N'System')
GO
INSERT [dbo].[DPU_MST_CAR_MODEL_COLOR] ([CAR_MODEL_ID], [CAR_COLOR_ID], [ACTIVE_STATUS], [CREATED_DATE], [CREATED_BY], [UPDATED_DATE], [UPDATED_BY]) VALUES (11, 7, 1, CAST(N'2561-06-12 16:08:00.000' AS DateTime), N'System', CAST(N'2561-06-12 16:08:00.000' AS DateTime), N'System')
GO
INSERT [dbo].[DPU_MST_CAR_MODEL_COLOR] ([CAR_MODEL_ID], [CAR_COLOR_ID], [ACTIVE_STATUS], [CREATED_DATE], [CREATED_BY], [UPDATED_DATE], [UPDATED_BY]) VALUES (12, 7, 1, CAST(N'2561-06-12 16:08:00.000' AS DateTime), N'System', CAST(N'2561-06-12 16:08:00.000' AS DateTime), N'System')
GO
INSERT [dbo].[DPU_MST_CAR_MODEL_COLOR] ([CAR_MODEL_ID], [CAR_COLOR_ID], [ACTIVE_STATUS], [CREATED_DATE], [CREATED_BY], [UPDATED_DATE], [UPDATED_BY]) VALUES (13, 1, 1, CAST(N'2561-06-12 16:08:00.000' AS DateTime), N'System', CAST(N'2561-06-12 16:08:00.000' AS DateTime), N'System')
GO
INSERT [dbo].[DPU_MST_CAR_MODEL_COLOR] ([CAR_MODEL_ID], [CAR_COLOR_ID], [ACTIVE_STATUS], [CREATED_DATE], [CREATED_BY], [UPDATED_DATE], [UPDATED_BY]) VALUES (14, 6, 1, CAST(N'2561-06-12 16:08:00.000' AS DateTime), N'System', CAST(N'2561-06-12 16:08:00.000' AS DateTime), N'System')
GO
INSERT [dbo].[DPU_MST_CAR_MODEL_COLOR] ([CAR_MODEL_ID], [CAR_COLOR_ID], [ACTIVE_STATUS], [CREATED_DATE], [CREATED_BY], [UPDATED_DATE], [UPDATED_BY]) VALUES (15, 2, 1, CAST(N'2561-06-12 16:08:00.000' AS DateTime), N'System', CAST(N'2561-06-12 16:08:00.000' AS DateTime), N'System')
GO
INSERT [dbo].[DPU_MST_CAR_MODEL_COLOR] ([CAR_MODEL_ID], [CAR_COLOR_ID], [ACTIVE_STATUS], [CREATED_DATE], [CREATED_BY], [UPDATED_DATE], [UPDATED_BY]) VALUES (15, 7, 1, CAST(N'2561-06-12 16:08:00.000' AS DateTime), N'System', CAST(N'2561-06-12 16:08:00.000' AS DateTime), N'System')
GO
INSERT [dbo].[DPU_MST_CAR_MODEL_COLOR] ([CAR_MODEL_ID], [CAR_COLOR_ID], [ACTIVE_STATUS], [CREATED_DATE], [CREATED_BY], [UPDATED_DATE], [UPDATED_BY]) VALUES (15, 8, 1, CAST(N'2561-06-12 16:08:00.000' AS DateTime), N'System', CAST(N'2561-06-12 16:08:00.000' AS DateTime), N'System')
GO
INSERT [dbo].[DPU_MST_CAR_MODEL_COLOR] ([CAR_MODEL_ID], [CAR_COLOR_ID], [ACTIVE_STATUS], [CREATED_DATE], [CREATED_BY], [UPDATED_DATE], [UPDATED_BY]) VALUES (15, 10, 1, CAST(N'2561-06-12 16:08:00.000' AS DateTime), N'System', CAST(N'2561-06-12 16:08:00.000' AS DateTime), N'System')
GO
INSERT [dbo].[DPU_MST_CAR_MODEL_COLOR] ([CAR_MODEL_ID], [CAR_COLOR_ID], [ACTIVE_STATUS], [CREATED_DATE], [CREATED_BY], [UPDATED_DATE], [UPDATED_BY]) VALUES (16, 1, 1, CAST(N'2561-06-12 16:08:00.000' AS DateTime), N'System', CAST(N'2561-06-12 16:08:00.000' AS DateTime), N'System')
GO
INSERT [dbo].[DPU_MST_CAR_MODEL_COLOR] ([CAR_MODEL_ID], [CAR_COLOR_ID], [ACTIVE_STATUS], [CREATED_DATE], [CREATED_BY], [UPDATED_DATE], [UPDATED_BY]) VALUES (16, 3, 1, CAST(N'2561-06-12 16:08:00.000' AS DateTime), N'System', CAST(N'2561-06-12 16:08:00.000' AS DateTime), N'System')
GO
INSERT [dbo].[DPU_MST_CAR_MODEL_COLOR] ([CAR_MODEL_ID], [CAR_COLOR_ID], [ACTIVE_STATUS], [CREATED_DATE], [CREATED_BY], [UPDATED_DATE], [UPDATED_BY]) VALUES (16, 7, 1, CAST(N'2561-06-12 16:08:00.000' AS DateTime), N'System', CAST(N'2561-06-12 16:08:00.000' AS DateTime), N'System')
GO
INSERT [dbo].[DPU_MST_CAR_MODEL_COLOR] ([CAR_MODEL_ID], [CAR_COLOR_ID], [ACTIVE_STATUS], [CREATED_DATE], [CREATED_BY], [UPDATED_DATE], [UPDATED_BY]) VALUES (17, 2, 1, CAST(N'2561-06-12 16:08:00.000' AS DateTime), N'System', CAST(N'2561-06-12 16:08:00.000' AS DateTime), N'System')
GO
INSERT [dbo].[DPU_MST_CAR_MODEL_COLOR] ([CAR_MODEL_ID], [CAR_COLOR_ID], [ACTIVE_STATUS], [CREATED_DATE], [CREATED_BY], [UPDATED_DATE], [UPDATED_BY]) VALUES (18, 7, 1, CAST(N'2561-06-12 16:08:00.000' AS DateTime), N'System', CAST(N'2561-06-12 16:08:00.000' AS DateTime), N'System')
GO
INSERT [dbo].[DPU_MST_CAR_MODEL_COLOR] ([CAR_MODEL_ID], [CAR_COLOR_ID], [ACTIVE_STATUS], [CREATED_DATE], [CREATED_BY], [UPDATED_DATE], [UPDATED_BY]) VALUES (19, 6, 1, CAST(N'2561-06-12 16:08:00.000' AS DateTime), N'System', CAST(N'2561-06-12 16:08:00.000' AS DateTime), N'System')
GO
INSERT [dbo].[DPU_MST_CAR_MODEL_COLOR] ([CAR_MODEL_ID], [CAR_COLOR_ID], [ACTIVE_STATUS], [CREATED_DATE], [CREATED_BY], [UPDATED_DATE], [UPDATED_BY]) VALUES (20, 9, 1, CAST(N'2561-06-12 16:08:00.000' AS DateTime), N'System', CAST(N'2561-06-12 16:08:00.000' AS DateTime), N'System')
GO
INSERT [dbo].[DPU_MST_CAR_MODEL_COLOR] ([CAR_MODEL_ID], [CAR_COLOR_ID], [ACTIVE_STATUS], [CREATED_DATE], [CREATED_BY], [UPDATED_DATE], [UPDATED_BY]) VALUES (21, 1, 1, CAST(N'2561-06-12 16:08:00.000' AS DateTime), N'System', CAST(N'2561-06-12 16:08:00.000' AS DateTime), N'System')
GO
INSERT [dbo].[DPU_MST_CAR_MODEL_COLOR] ([CAR_MODEL_ID], [CAR_COLOR_ID], [ACTIVE_STATUS], [CREATED_DATE], [CREATED_BY], [UPDATED_DATE], [UPDATED_BY]) VALUES (21, 2, 1, CAST(N'2561-06-12 16:08:00.000' AS DateTime), N'System', CAST(N'2561-06-12 16:08:00.000' AS DateTime), N'System')
GO
INSERT [dbo].[DPU_MST_CAR_MODEL_COLOR] ([CAR_MODEL_ID], [CAR_COLOR_ID], [ACTIVE_STATUS], [CREATED_DATE], [CREATED_BY], [UPDATED_DATE], [UPDATED_BY]) VALUES (21, 4, 1, CAST(N'2561-06-12 16:08:00.000' AS DateTime), N'System', CAST(N'2561-06-12 16:08:00.000' AS DateTime), N'System')
GO
INSERT [dbo].[DPU_MST_CAR_MODEL_COLOR] ([CAR_MODEL_ID], [CAR_COLOR_ID], [ACTIVE_STATUS], [CREATED_DATE], [CREATED_BY], [UPDATED_DATE], [UPDATED_BY]) VALUES (21, 7, 1, CAST(N'2561-06-12 16:08:00.000' AS DateTime), N'System', CAST(N'2561-06-12 16:08:00.000' AS DateTime), N'System')
GO
INSERT [dbo].[DPU_MST_CAR_MODEL_COLOR] ([CAR_MODEL_ID], [CAR_COLOR_ID], [ACTIVE_STATUS], [CREATED_DATE], [CREATED_BY], [UPDATED_DATE], [UPDATED_BY]) VALUES (21, 9, 1, CAST(N'2561-06-12 16:08:00.000' AS DateTime), N'System', CAST(N'2561-06-12 16:08:00.000' AS DateTime), N'System')
GO
INSERT [dbo].[DPU_MST_CAR_MODEL_COLOR] ([CAR_MODEL_ID], [CAR_COLOR_ID], [ACTIVE_STATUS], [CREATED_DATE], [CREATED_BY], [UPDATED_DATE], [UPDATED_BY]) VALUES (22, 6, 1, CAST(N'2561-06-12 16:08:00.000' AS DateTime), N'System', CAST(N'2561-06-12 16:08:00.000' AS DateTime), N'System')
GO
INSERT [dbo].[DPU_MST_CAR_MODEL_COLOR] ([CAR_MODEL_ID], [CAR_COLOR_ID], [ACTIVE_STATUS], [CREATED_DATE], [CREATED_BY], [UPDATED_DATE], [UPDATED_BY]) VALUES (22, 7, 1, CAST(N'2561-06-12 16:08:00.000' AS DateTime), N'System', CAST(N'2561-06-12 16:08:00.000' AS DateTime), N'System')
GO
INSERT [dbo].[DPU_MST_CAR_MODEL_COLOR] ([CAR_MODEL_ID], [CAR_COLOR_ID], [ACTIVE_STATUS], [CREATED_DATE], [CREATED_BY], [UPDATED_DATE], [UPDATED_BY]) VALUES (23, 7, 1, CAST(N'2561-06-12 16:08:00.000' AS DateTime), N'System', CAST(N'2561-06-12 16:08:00.000' AS DateTime), N'System')
GO
INSERT [dbo].[DPU_MST_CAR_MODEL_COLOR] ([CAR_MODEL_ID], [CAR_COLOR_ID], [ACTIVE_STATUS], [CREATED_DATE], [CREATED_BY], [UPDATED_DATE], [UPDATED_BY]) VALUES (24, 4, 1, CAST(N'2561-06-12 16:08:00.000' AS DateTime), N'System', CAST(N'2561-06-12 16:08:00.000' AS DateTime), N'System')
GO
INSERT [dbo].[DPU_MST_CAR_MODEL_COLOR] ([CAR_MODEL_ID], [CAR_COLOR_ID], [ACTIVE_STATUS], [CREATED_DATE], [CREATED_BY], [UPDATED_DATE], [UPDATED_BY]) VALUES (25, 2, 1, CAST(N'2561-06-12 16:08:00.000' AS DateTime), N'System', CAST(N'2561-06-12 16:08:00.000' AS DateTime), N'System')
GO
INSERT [dbo].[DPU_MST_INSURANCE_PLAN] ([PLAN_ID], [PLAN_NAME], [PLAN_DESCRIPTION], [PLAN_PRICE], [SORT_ORDER]) VALUES (1, N'Standard', N'มาตรฐาน', CAST(0.00 AS Decimal(10, 2)), 1)
GO
INSERT [dbo].[DPU_MST_INSURANCE_PLAN] ([PLAN_ID], [PLAN_NAME], [PLAN_DESCRIPTION], [PLAN_PRICE], [SORT_ORDER]) VALUES (2, N'Extra', N'เอ็กซ์ตร้า', CAST(99.00 AS Decimal(10, 2)), 2)
GO
INSERT [dbo].[DPU_MST_INSURANCE_PLAN] ([PLAN_ID], [PLAN_NAME], [PLAN_DESCRIPTION], [PLAN_PRICE], [SORT_ORDER]) VALUES (3, N'Premium', N'พรีเมียม', CAST(199.00 AS Decimal(10, 2)), 3)
GO
INSERT [dbo].[DPU_MST_LOCATION] ([LOCATION_ID], [LOCATION_NAME], [LOCATION_BRANCH_NAME], [LOCATION_ADDRESS], [LATITUDE], [LONGITUDE], [LOCATION_IMG_PATH]) VALUES (1, N'เซ็นทรัลพระราม 9
', N'พระราม 9
', N'9/9 พระราม 9 แขวง ห้วยขวาง เขต ห้วยขวาง กรุงเทพมหานคร 10310 ประเทศไทย
', N'13.751363
', N'100.479162
', N'Images\Location\centralRama9.jpg
')
GO
INSERT [dbo].[DPU_MST_LOCATION] ([LOCATION_ID], [LOCATION_NAME], [LOCATION_BRANCH_NAME], [LOCATION_ADDRESS], [LATITUDE], [LONGITUDE], [LOCATION_IMG_PATH]) VALUES (2, N'เซ็นทรัลลาดพร้าว
', N'ลาดพร้าว
', N'1693 ถนน พหลโยธิน แขวง จตุจักร เขต จตุจักร กรุงเทพมหานคร 10900 ประเทศไทย
', N'13.81683007
', N'100.5559978
', N'Images\Location\centralLadPrao.jpg
')
GO
INSERT [dbo].[DPU_MST_LOCATION] ([LOCATION_ID], [LOCATION_NAME], [LOCATION_BRANCH_NAME], [LOCATION_ADDRESS], [LATITUDE], [LONGITUDE], [LOCATION_IMG_PATH]) VALUES (3, N'โลตัสอ่อนนุช
', N'อ่อนนุช
', N'1710 ถนน สุขุมวิท แขวง พระโขนง เขต คลองเตย กรุงเทพมหานคร 10110 ประเทศไทย
', N'13.705078
', N'100.600531
', N'Images\Location\LotusOnNuch.jpg
')
GO
INSERT [dbo].[DPU_MST_LOCATION] ([LOCATION_ID], [LOCATION_NAME], [LOCATION_BRANCH_NAME], [LOCATION_ADDRESS], [LATITUDE], [LONGITUDE], [LOCATION_IMG_PATH]) VALUES (4, N'สนามบินดอนเมือง
', N'ดอนเมือง
', N'222 ถนน วิภาวดีรังสิต แขวง สนามบิน เขต ดอนเมือง กรุงเทพมหานคร 10210 ประเทศไทย
', N'13.91326
', N'100.604199
', N'Images\Location\donmueangairport.jpg
')
GO
INSERT [dbo].[DPU_MST_LOCATION] ([LOCATION_ID], [LOCATION_NAME], [LOCATION_BRANCH_NAME], [LOCATION_ADDRESS], [LATITUDE], [LONGITUDE], [LOCATION_IMG_PATH]) VALUES (5, N'สนามบินสุวรรณภูมิ
', N'สุวรรณภูมิ
', N'999 หมู่ 1 หนองปรือ บางพลี สมุทรปราการ 10540 ประเทศไทย
', N'13.689999
', N'100.750112
', N'Images\Location\suvarnabhumiairport.jpg
')
GO
INSERT [dbo].[DPU_MST_LOV] ([LOV_TYPE], [LOV_ID], [LOV_ORDER], [LOV_NAME_EN], [LOV_NAME_TH], [LOV_DESCRIPTION], [ACTIVE_STATUS], [UPDATED_DATE], [UPDATED_BY]) VALUES (N'CAR_IMAGE_TYPE', N'1', 1, N'Front', N'ภาพด้านหน้าตรง', NULL, NULL, CAST(N'2018-06-12 18:55:00.000' AS DateTime), N'System')
GO
INSERT [dbo].[DPU_MST_LOV] ([LOV_TYPE], [LOV_ID], [LOV_ORDER], [LOV_NAME_EN], [LOV_NAME_TH], [LOV_DESCRIPTION], [ACTIVE_STATUS], [UPDATED_DATE], [UPDATED_BY]) VALUES (N'CAR_IMAGE_TYPE', N'10', 2, N'CarConsole', N'ภาพหน้าคอนโซล', NULL, NULL, CAST(N'2018-06-12 18:55:00.000' AS DateTime), N'System')
GO
INSERT [dbo].[DPU_MST_LOV] ([LOV_TYPE], [LOV_ID], [LOV_ORDER], [LOV_NAME_EN], [LOV_NAME_TH], [LOV_DESCRIPTION], [ACTIVE_STATUS], [UPDATED_DATE], [UPDATED_BY]) VALUES (N'CAR_IMAGE_TYPE', N'11', 2, N'Gear', N'ภาพระบบเกียร์รถยนต์', NULL, NULL, CAST(N'2018-06-12 18:55:00.000' AS DateTime), N'System')
GO
INSERT [dbo].[DPU_MST_LOV] ([LOV_TYPE], [LOV_ID], [LOV_ORDER], [LOV_NAME_EN], [LOV_NAME_TH], [LOV_DESCRIPTION], [ACTIVE_STATUS], [UPDATED_DATE], [UPDATED_BY]) VALUES (N'CAR_IMAGE_TYPE', N'12', 2, N'DriverSeat', N'ภาพห้องโดยสารเบาะหน้าด้านคนขับ', NULL, NULL, CAST(N'2018-06-12 18:55:00.000' AS DateTime), N'System')
GO
INSERT [dbo].[DPU_MST_LOV] ([LOV_TYPE], [LOV_ID], [LOV_ORDER], [LOV_NAME_EN], [LOV_NAME_TH], [LOV_DESCRIPTION], [ACTIVE_STATUS], [UPDATED_DATE], [UPDATED_BY]) VALUES (N'CAR_IMAGE_TYPE', N'13', 2, N'PassengerSeatFront', N'ภาพห้องโดยสารเบาะหน้าด้านผู้โดยสาร', NULL, NULL, CAST(N'2018-06-12 18:55:00.000' AS DateTime), N'System')
GO
INSERT [dbo].[DPU_MST_LOV] ([LOV_TYPE], [LOV_ID], [LOV_ORDER], [LOV_NAME_EN], [LOV_NAME_TH], [LOV_DESCRIPTION], [ACTIVE_STATUS], [UPDATED_DATE], [UPDATED_BY]) VALUES (N'CAR_IMAGE_TYPE', N'14', 2, N'PassengerSeatBack', N'ภาพห้องโดยสารเบาะหลัง', NULL, NULL, CAST(N'2018-06-12 18:55:00.000' AS DateTime), N'System')
GO
INSERT [dbo].[DPU_MST_LOV] ([LOV_TYPE], [LOV_ID], [LOV_ORDER], [LOV_NAME_EN], [LOV_NAME_TH], [LOV_DESCRIPTION], [ACTIVE_STATUS], [UPDATED_DATE], [UPDATED_BY]) VALUES (N'CAR_IMAGE_TYPE', N'15', 2, N'CarTrunk', N'ภาพห้องเก็บสัมภาระรถยนต์', NULL, NULL, CAST(N'2018-06-12 18:55:00.000' AS DateTime), N'System')
GO
INSERT [dbo].[DPU_MST_LOV] ([LOV_TYPE], [LOV_ID], [LOV_ORDER], [LOV_NAME_EN], [LOV_NAME_TH], [LOV_DESCRIPTION], [ACTIVE_STATUS], [UPDATED_DATE], [UPDATED_BY]) VALUES (N'CAR_IMAGE_TYPE', N'16', 2, N'SpareTire', N'ภาพอ่างเก็บยางอะไหล่และเครื่องมือประจำรถยนต์', NULL, NULL, CAST(N'2018-06-12 18:55:00.000' AS DateTime), N'System')
GO
INSERT [dbo].[DPU_MST_LOV] ([LOV_TYPE], [LOV_ID], [LOV_ORDER], [LOV_NAME_EN], [LOV_NAME_TH], [LOV_DESCRIPTION], [ACTIVE_STATUS], [UPDATED_DATE], [UPDATED_BY]) VALUES (N'CAR_IMAGE_TYPE', N'17', 2, N'WheelandTireFrontRight', N'ภาพล้อและยางรถยนต์ด้านหน้าขวา', NULL, NULL, CAST(N'2018-06-12 18:55:00.000' AS DateTime), N'System')
GO
INSERT [dbo].[DPU_MST_LOV] ([LOV_TYPE], [LOV_ID], [LOV_ORDER], [LOV_NAME_EN], [LOV_NAME_TH], [LOV_DESCRIPTION], [ACTIVE_STATUS], [UPDATED_DATE], [UPDATED_BY]) VALUES (N'CAR_IMAGE_TYPE', N'18', 2, N'WheelandTireFrontLeft', N'ภาพล้อและยางรถยนต์ด้านหน้าซ้าย', NULL, NULL, CAST(N'2018-06-12 18:55:00.000' AS DateTime), N'System')
GO
INSERT [dbo].[DPU_MST_LOV] ([LOV_TYPE], [LOV_ID], [LOV_ORDER], [LOV_NAME_EN], [LOV_NAME_TH], [LOV_DESCRIPTION], [ACTIVE_STATUS], [UPDATED_DATE], [UPDATED_BY]) VALUES (N'CAR_IMAGE_TYPE', N'19', 2, N'WheelandTireBackRight', N'ภาพล้อและยางรถยนต์ด้านหลังขวา', NULL, NULL, CAST(N'2018-06-12 18:55:00.000' AS DateTime), N'System')
GO
INSERT [dbo].[DPU_MST_LOV] ([LOV_TYPE], [LOV_ID], [LOV_ORDER], [LOV_NAME_EN], [LOV_NAME_TH], [LOV_DESCRIPTION], [ACTIVE_STATUS], [UPDATED_DATE], [UPDATED_BY]) VALUES (N'CAR_IMAGE_TYPE', N'2', 2, N'Back', N'ภาพด้านหลังตรง ', NULL, NULL, CAST(N'2018-06-12 18:55:00.000' AS DateTime), N'System')
GO
INSERT [dbo].[DPU_MST_LOV] ([LOV_TYPE], [LOV_ID], [LOV_ORDER], [LOV_NAME_EN], [LOV_NAME_TH], [LOV_DESCRIPTION], [ACTIVE_STATUS], [UPDATED_DATE], [UPDATED_BY]) VALUES (N'CAR_IMAGE_TYPE', N'20', 2, N'WheelandTireBackLeft', N'ภาพล้อและยางรถยนต์ด้านหลังซ้าย', NULL, NULL, CAST(N'2018-06-12 18:55:00.000' AS DateTime), N'System')
GO
INSERT [dbo].[DPU_MST_LOV] ([LOV_TYPE], [LOV_ID], [LOV_ORDER], [LOV_NAME_EN], [LOV_NAME_TH], [LOV_DESCRIPTION], [ACTIVE_STATUS], [UPDATED_DATE], [UPDATED_BY]) VALUES (N'CAR_IMAGE_TYPE', N'21', 2, N'Battery', N'ภาพแบตเตอรี่รถยนต์', NULL, NULL, CAST(N'2018-06-12 18:55:00.000' AS DateTime), N'System')
GO
INSERT [dbo].[DPU_MST_LOV] ([LOV_TYPE], [LOV_ID], [LOV_ORDER], [LOV_NAME_EN], [LOV_NAME_TH], [LOV_DESCRIPTION], [ACTIVE_STATUS], [UPDATED_DATE], [UPDATED_BY]) VALUES (N'CAR_IMAGE_TYPE', N'22', 2, N'Mileage', N'หน้าปัดรถยนต์', NULL, NULL, CAST(N'2018-06-12 18:55:00.000' AS DateTime), N'System')
GO
INSERT [dbo].[DPU_MST_LOV] ([LOV_TYPE], [LOV_ID], [LOV_ORDER], [LOV_NAME_EN], [LOV_NAME_TH], [LOV_DESCRIPTION], [ACTIVE_STATUS], [UPDATED_DATE], [UPDATED_BY]) VALUES (N'CAR_IMAGE_TYPE', N'3', 2, N'DriverSide', N'ภาพด้านข้างขวา', NULL, NULL, CAST(N'2018-06-12 18:55:00.000' AS DateTime), N'System')
GO
INSERT [dbo].[DPU_MST_LOV] ([LOV_TYPE], [LOV_ID], [LOV_ORDER], [LOV_NAME_EN], [LOV_NAME_TH], [LOV_DESCRIPTION], [ACTIVE_STATUS], [UPDATED_DATE], [UPDATED_BY]) VALUES (N'CAR_IMAGE_TYPE', N'4', 2, N'PassengerSide', N'ภาพด้านข้างซ้าย', NULL, NULL, CAST(N'2018-06-12 18:55:00.000' AS DateTime), N'System')
GO
INSERT [dbo].[DPU_MST_LOV] ([LOV_TYPE], [LOV_ID], [LOV_ORDER], [LOV_NAME_EN], [LOV_NAME_TH], [LOV_DESCRIPTION], [ACTIVE_STATUS], [UPDATED_DATE], [UPDATED_BY]) VALUES (N'CAR_IMAGE_TYPE', N'5', 2, N'FrontRight', N'ภาพด้านหน้าขวา', NULL, NULL, CAST(N'2018-06-12 18:55:00.000' AS DateTime), N'System')
GO
INSERT [dbo].[DPU_MST_LOV] ([LOV_TYPE], [LOV_ID], [LOV_ORDER], [LOV_NAME_EN], [LOV_NAME_TH], [LOV_DESCRIPTION], [ACTIVE_STATUS], [UPDATED_DATE], [UPDATED_BY]) VALUES (N'CAR_IMAGE_TYPE', N'6', 2, N'FrontLeft', N'ภาพด้านหน้าซ้าย ', NULL, NULL, CAST(N'2018-06-12 18:55:00.000' AS DateTime), N'System')
GO
INSERT [dbo].[DPU_MST_LOV] ([LOV_TYPE], [LOV_ID], [LOV_ORDER], [LOV_NAME_EN], [LOV_NAME_TH], [LOV_DESCRIPTION], [ACTIVE_STATUS], [UPDATED_DATE], [UPDATED_BY]) VALUES (N'CAR_IMAGE_TYPE', N'7', 2, N'BackRight', N'ภาพด้านหลังขวา', NULL, NULL, CAST(N'2018-06-12 18:55:00.000' AS DateTime), N'System')
GO
INSERT [dbo].[DPU_MST_LOV] ([LOV_TYPE], [LOV_ID], [LOV_ORDER], [LOV_NAME_EN], [LOV_NAME_TH], [LOV_DESCRIPTION], [ACTIVE_STATUS], [UPDATED_DATE], [UPDATED_BY]) VALUES (N'CAR_IMAGE_TYPE', N'8', 2, N'BackLeft', N'ภาพด้านหลังซ้าย', NULL, NULL, CAST(N'2018-06-12 18:55:00.000' AS DateTime), N'System')
GO
INSERT [dbo].[DPU_MST_LOV] ([LOV_TYPE], [LOV_ID], [LOV_ORDER], [LOV_NAME_EN], [LOV_NAME_TH], [LOV_DESCRIPTION], [ACTIVE_STATUS], [UPDATED_DATE], [UPDATED_BY]) VALUES (N'CAR_IMAGE_TYPE', N'9', 2, N'Engine', N'ภาพห้องเครื่องยนต์', NULL, NULL, CAST(N'2018-06-12 18:55:00.000' AS DateTime), N'System')
GO
INSERT [dbo].[DPU_MST_OPERATION_HOURS] ([OPERATION_ID], [DAY], [OPEN_TIME], [CLOSE_TIME], [ALLDAY_FLAG], [EVERYDAY_FLAG], [LOCATION_ID]) VALUES (1, NULL, N'10:00', N'20:00', 0, 1, 1)
GO
INSERT [dbo].[DPU_MST_OPERATION_HOURS] ([OPERATION_ID], [DAY], [OPEN_TIME], [CLOSE_TIME], [ALLDAY_FLAG], [EVERYDAY_FLAG], [LOCATION_ID]) VALUES (2, NULL, N'10:00', N'20:00', 0, 1, 2)
GO
INSERT [dbo].[DPU_MST_OPERATION_HOURS] ([OPERATION_ID], [DAY], [OPEN_TIME], [CLOSE_TIME], [ALLDAY_FLAG], [EVERYDAY_FLAG], [LOCATION_ID]) VALUES (3, N'1', N'10:00', N'19:00', 0, 0, 3)
GO
INSERT [dbo].[DPU_MST_OPERATION_HOURS] ([OPERATION_ID], [DAY], [OPEN_TIME], [CLOSE_TIME], [ALLDAY_FLAG], [EVERYDAY_FLAG], [LOCATION_ID]) VALUES (4, N'2', N'10:00', N'19:00', 0, 0, 3)
GO
INSERT [dbo].[DPU_MST_OPERATION_HOURS] ([OPERATION_ID], [DAY], [OPEN_TIME], [CLOSE_TIME], [ALLDAY_FLAG], [EVERYDAY_FLAG], [LOCATION_ID]) VALUES (5, N'3', N'10:00', N'19:00', 0, 0, 3)
GO
INSERT [dbo].[DPU_MST_OPERATION_HOURS] ([OPERATION_ID], [DAY], [OPEN_TIME], [CLOSE_TIME], [ALLDAY_FLAG], [EVERYDAY_FLAG], [LOCATION_ID]) VALUES (6, N'4', N'10:00', N'19:00', 0, 0, 3)
GO
INSERT [dbo].[DPU_MST_OPERATION_HOURS] ([OPERATION_ID], [DAY], [OPEN_TIME], [CLOSE_TIME], [ALLDAY_FLAG], [EVERYDAY_FLAG], [LOCATION_ID]) VALUES (7, N'5', N'10:00', N'19:00', 0, 0, 3)
GO
INSERT [dbo].[DPU_MST_OPERATION_HOURS] ([OPERATION_ID], [DAY], [OPEN_TIME], [CLOSE_TIME], [ALLDAY_FLAG], [EVERYDAY_FLAG], [LOCATION_ID]) VALUES (8, N'6', N'09:00', N'21:00', 0, 0, 3)
GO
INSERT [dbo].[DPU_MST_OPERATION_HOURS] ([OPERATION_ID], [DAY], [OPEN_TIME], [CLOSE_TIME], [ALLDAY_FLAG], [EVERYDAY_FLAG], [LOCATION_ID]) VALUES (9, N'7', N'09:00', N'21:00', 0, 0, 3)
GO
INSERT [dbo].[DPU_MST_OPERATION_HOURS] ([OPERATION_ID], [DAY], [OPEN_TIME], [CLOSE_TIME], [ALLDAY_FLAG], [EVERYDAY_FLAG], [LOCATION_ID]) VALUES (10, NULL, N'06:30', N'23:00', 0, 1, 4)
GO
INSERT [dbo].[DPU_MST_OPERATION_HOURS] ([OPERATION_ID], [DAY], [OPEN_TIME], [CLOSE_TIME], [ALLDAY_FLAG], [EVERYDAY_FLAG], [LOCATION_ID]) VALUES (11, NULL, NULL, NULL, 1, 1, 5)
GO
USE [master]
GO
ALTER DATABASE [DPUDTA] SET  READ_WRITE 
GO
